timestamp,utilization
2024-05-19 05:27:12.857112,0.0
2024-05-19 05:27:14.779944,0.0
2024-05-19 05:27:15.375917,6.166666666666667
2024-05-19 05:27:15.565727,13.5
2024-05-19 05:27:15.778656,29.5
2024-05-19 05:27:15.993694,25.0
2024-05-19 05:27:16.194602,26.0
2024-05-19 05:27:16.397284,29.0
2024-05-19 05:27:16.729988,25.5
2024-05-19 05:27:16.921983,18.5
2024-05-19 05:27:17.114168,20.0
2024-05-19 05:27:17.312950,26.5
2024-05-19 05:27:17.514920,27.0
2024-05-19 05:27:17.716639,28.5
2024-05-19 05:27:17.915903,26.5
2024-05-19 05:27:18.116953,29.0
2024-05-19 05:27:18.315421,26.0
2024-05-19 05:27:18.509986,27.5
2024-05-19 05:27:18.734954,29.5
2024-05-19 05:27:18.935908,26.0
2024-05-19 05:27:19.140905,26.5
2024-05-19 05:27:19.336995,27.5
2024-05-19 05:27:19.695458,27.5
2024-05-19 05:27:19.873929,8.0
2024-05-19 05:27:20.078555,25.5
2024-05-19 05:27:20.280953,20.0
2024-05-19 05:27:20.506953,28.5
2024-05-19 05:27:20.715896,25.0
2024-05-19 05:27:20.909186,27.0
2024-05-19 05:27:21.112532,29.0
2024-05-19 05:27:21.321840,25.0
2024-05-19 05:27:21.535706,27.5
2024-05-19 05:27:21.733950,28.5
2024-05-19 05:27:21.939912,26.5
2024-05-19 05:27:22.142442,28.0
2024-05-19 05:27:22.357469,26.0
2024-05-19 05:27:22.678923,25.5
2024-05-19 05:27:22.911165,23.0
2024-05-19 05:27:23.119242,26.0
2024-05-19 05:27:23.338904,26.5
2024-05-19 05:27:23.830993,0.0
2024-05-19 05:27:25.568967,0.0
2024-05-19 05:27:26.008958,12.25
2024-05-19 05:27:26.211532,32.0
2024-05-19 05:27:26.411916,40.5
2024-05-19 05:27:26.621823,41.0
2024-05-19 05:27:26.829948,43.5
2024-05-19 05:27:27.038606,43.0
2024-05-19 05:27:27.255904,40.0
2024-05-19 05:27:27.455906,41.0
2024-05-19 05:27:27.675924,44.5
2024-05-19 05:27:27.878288,46.0
2024-05-19 05:27:28.072952,38.5
2024-05-19 05:27:28.269869,41.0
2024-05-19 05:27:28.529352,12.5
2024-05-19 05:27:28.796802,40.0
2024-05-19 05:27:29.013991,26.0
2024-05-19 05:27:29.210959,43.0
2024-05-19 05:27:29.413956,46.0
2024-05-19 05:27:29.605257,42.5
2024-05-19 05:27:29.806080,41.0
2024-05-19 05:27:30.010951,39.5
2024-05-19 05:27:30.216388,45.5
2024-05-19 05:27:30.426030,43.5
2024-05-19 05:27:30.631055,40.5
2024-05-19 05:27:30.837951,41.5
2024-05-19 05:27:31.069181,44.0
2024-05-19 05:27:31.407901,34.5
2024-05-19 05:27:33.307604,4.5
2024-05-19 05:27:33.738875,19.75
2024-05-19 05:27:33.945957,31.0
2024-05-19 05:27:34.282252,37.5
2024-05-19 05:27:34.733072,25.0
2024-05-19 05:27:34.950619,37.0
2024-05-19 05:27:35.171674,37.0
2024-05-19 05:27:35.462261,37.0
2024-05-19 05:27:35.667894,29.5
2024-05-19 05:27:35.925953,35.5
2024-05-19 05:27:36.126808,39.0
2024-05-19 05:27:36.335893,37.5
2024-05-19 05:27:36.535892,37.0
2024-05-19 05:27:36.733954,37.5
2024-05-19 05:27:36.935893,37.5
2024-05-19 05:27:37.287043,8.0
2024-05-19 05:27:37.666952,34.5
2024-05-19 05:27:37.883924,30.0
2024-05-19 05:27:39.803919,1.5555555555555556
2024-05-19 05:27:40.014021,5.5
2024-05-19 05:27:40.271086,13.5
2024-05-19 05:27:40.535894,21.0
2024-05-19 05:27:40.735906,27.5
2024-05-19 05:27:40.945954,24.5
2024-05-19 05:27:41.148913,26.0
2024-05-19 05:27:41.347905,26.5
2024-05-19 05:27:41.551666,26.0
2024-05-19 05:27:41.752951,27.5
2024-05-19 05:27:41.951905,25.5
2024-05-19 05:27:42.174413,25.5
2024-05-19 05:27:42.384978,25.0
2024-05-19 05:27:42.606949,25.0
2024-05-19 05:27:42.804273,25.5
2024-05-19 05:27:43.144385,14.5
2024-05-19 05:27:43.372951,18.5
2024-05-19 05:27:43.592423,20.5
2024-05-19 05:27:43.805854,24.0
2024-05-19 05:27:44.007488,24.5
2024-05-19 05:27:44.212881,25.5
2024-05-19 05:27:44.402689,26.0
2024-05-19 05:27:44.603925,27.5
2024-05-19 05:27:44.815904,26.0
2024-05-19 05:27:45.025285,25.5
2024-05-19 05:27:45.250952,18.0
2024-05-19 05:27:45.456054,16.0
2024-05-19 05:27:45.706944,14.5
2024-05-19 05:27:47.452981,1.125
2024-05-19 05:27:47.671026,0.0
2024-05-19 05:27:47.891893,10.0
2024-05-19 05:27:48.099450,24.5
2024-05-19 05:27:48.302062,25.5
2024-05-19 05:27:48.515953,28.0
2024-05-19 05:27:48.739234,25.5
2024-05-19 05:27:49.054867,18.0
2024-05-19 05:27:49.311629,19.5
2024-05-19 05:27:49.529305,26.5
2024-05-19 05:27:49.745956,19.0
2024-05-19 05:27:51.642997,2.4444444444444446
2024-05-19 05:27:51.955499,9.0
2024-05-19 05:27:52.405147,28.25
2024-05-19 05:27:52.603911,37.0
2024-05-19 05:27:52.827906,39.0
2024-05-19 05:27:53.030977,36.0
2024-05-19 05:27:53.254107,37.0
2024-05-19 05:27:53.464973,39.0
2024-05-19 05:27:53.674698,37.5
2024-05-19 05:27:53.882688,36.5
2024-05-19 05:27:54.095906,36.0
2024-05-19 05:27:54.309587,36.5
2024-05-19 05:27:54.871084,36.75
2024-05-19 05:27:55.159001,32.5
2024-05-19 05:27:55.361841,30.0
2024-05-19 05:27:55.561953,37.0
2024-05-19 05:27:55.765947,36.5
2024-05-19 05:27:55.973500,37.5
2024-05-19 05:27:56.204208,36.5
2024-05-19 05:27:56.427892,36.0
2024-05-19 05:27:56.651705,36.0
2024-05-19 05:27:56.858222,34.5
2024-05-19 05:27:57.271913,35.75
2024-05-19 05:27:57.487912,37.5
2024-05-19 05:27:57.819201,26.5
2024-05-19 05:27:58.092958,28.5
2024-05-19 05:27:58.300950,36.0
2024-05-19 05:27:58.496962,37.5
2024-05-19 05:28:00.460042,6.722222222222222
2024-05-19 05:28:01.013961,20.0
2024-05-19 05:28:01.231891,23.0
2024-05-19 05:28:01.427925,38.5
2024-05-19 05:28:01.627895,41.0
2024-05-19 05:28:02.083983,39.75
2024-05-19 05:28:02.289221,39.0
2024-05-19 05:28:02.504950,39.5
2024-05-19 05:28:02.741374,40.0
2024-05-19 05:28:02.947895,38.5
2024-05-19 05:28:03.163903,36.5
2024-05-19 05:28:03.387645,34.5
2024-05-19 05:28:03.969508,19.5
2024-05-19 05:28:04.188852,32.5
2024-05-19 05:28:04.403912,34.0
2024-05-19 05:28:06.348522,4.5
2024-05-19 05:28:06.847896,16.25
2024-05-19 05:28:07.061893,31.0
2024-05-19 05:28:07.914819,22.0
2024-05-19 05:28:08.120870,40.5
2024-05-19 05:28:08.342822,39.0
2024-05-19 05:28:08.544208,38.5
2024-05-19 05:28:08.987902,37.5
2024-05-19 05:28:09.203948,35.5
2024-05-19 05:28:09.549963,9.0
2024-05-19 05:28:09.808977,20.5
2024-05-19 05:28:10.027921,17.0
2024-05-19 05:28:10.241509,25.0
2024-05-19 05:28:10.431907,25.0
2024-05-19 05:28:10.646791,26.5
2024-05-19 05:28:10.871034,26.5
2024-05-19 05:28:12.923897,2.2222222222222223
2024-05-19 05:28:13.153942,14.5
2024-05-19 05:28:13.897924,23.25
2024-05-19 05:28:14.109107,40.0
2024-05-19 05:28:14.317724,39.5
2024-05-19 05:28:14.526861,39.5
2024-05-19 05:28:14.955752,39.0
2024-05-19 05:28:15.267927,38.5
2024-05-19 05:28:15.452721,20.5
2024-05-19 05:28:15.891137,35.25
2024-05-19 05:28:16.087891,39.5
2024-05-19 05:28:16.298518,39.5
2024-05-19 05:28:16.505565,38.5
2024-05-19 05:28:16.931898,40.0
2024-05-19 05:28:17.131923,37.5
2024-05-19 05:28:17.333669,39.5
2024-05-19 05:28:19.524284,6.0
2024-05-19 05:28:20.013954,22.75
2024-05-19 05:28:20.439027,37.5
2024-05-19 05:28:20.881325,31.5
2024-05-19 05:28:21.225473,41.5
2024-05-19 05:28:21.639767,24.75
2024-05-19 05:28:22.082766,38.5
2024-05-19 05:28:22.299891,42.0
2024-05-19 05:28:22.747600,42.0
2024-05-19 05:28:24.645815,9.5
2024-05-19 05:28:25.283770,28.0
2024-05-19 05:28:25.696166,43.0
2024-05-19 05:28:26.337004,45.833333333333336
2024-05-19 05:28:26.773010,43.25
2024-05-19 05:28:27.419890,30.0
2024-05-19 05:28:27.860950,40.25
2024-05-19 05:28:28.561483,43.0
2024-05-19 05:28:30.494031,8.5625
2024-05-19 05:28:31.171892,36.0
2024-05-19 05:28:31.615899,40.5
2024-05-19 05:28:32.278957,46.333333333333336
2024-05-19 05:28:32.500728,50.0
2024-05-19 05:28:33.791984,28.333333333333332
2024-05-19 05:28:34.423803,44.833333333333336
2024-05-19 05:28:34.843667,43.25
2024-05-19 05:28:35.491913,44.5
2024-05-19 05:28:36.070453,47.5
2024-05-19 05:28:36.559342,39.75
2024-05-19 05:28:37.211909,45.166666666666664
2024-05-19 05:28:39.439927,13.11111111111111
2024-05-19 05:28:39.874081,30.5
2024-05-19 05:28:40.088740,42.5
2024-05-19 05:28:41.063003,27.125
2024-05-19 05:28:41.817848,46.0
2024-05-19 05:28:42.431905,32.333333333333336
2024-05-19 05:28:43.081022,46.666666666666664
2024-05-19 05:28:43.755510,47.0
2024-05-19 05:28:44.419805,46.0
2024-05-19 05:28:45.181743,30.666666666666668
2024-05-19 05:28:47.047903,9.3125
2024-05-19 05:28:47.488025,23.5
2024-05-19 05:28:48.069949,26.5
2024-05-19 05:28:48.505013,45.5
2024-05-19 05:28:48.935313,45.0
2024-05-19 05:28:49.546959,45.833333333333336
2024-05-19 05:28:49.987898,43.0
2024-05-19 05:28:50.420963,44.0
2024-05-19 05:28:51.224802,28.0
2024-05-19 05:28:51.871092,45.333333333333336
2024-05-19 05:28:52.533812,48.0
2024-05-19 05:28:53.195616,45.833333333333336
2024-05-19 05:28:53.966990,32.166666666666664
2024-05-19 05:28:54.623685,43.666666666666664
2024-05-19 05:28:56.550689,9.25
2024-05-19 05:28:57.734954,29.333333333333332
2024-05-19 05:28:58.386237,43.333333333333336
2024-05-19 05:28:59.067913,42.166666666666664
2024-05-19 05:28:59.829373,36.833333333333336
2024-05-19 05:29:00.711898,33.833333333333336
2024-05-19 05:29:01.373451,46.166666666666664
2024-05-19 05:29:02.023894,44.333333333333336
2024-05-19 05:29:02.768811,34.166666666666664
2024-05-19 05:29:03.170775,42.75
2024-05-19 05:29:03.859909,40.666666666666664
2024-05-19 05:29:05.861034,8.722222222222221
2024-05-19 05:29:06.280023,46.0
2024-05-19 05:29:06.479907,50.0
2024-05-19 05:29:07.534990,25.5
2024-05-19 05:29:09.660982,9.055555555555555
2024-05-19 05:29:10.076160,36.75
2024-05-19 05:29:10.503919,45.25
2024-05-19 05:29:12.519900,7.222222222222222
2024-05-19 05:29:12.737050,14.5
2024-05-19 05:29:13.368953,16.75
2024-05-19 05:29:13.803018,42.25
2024-05-19 05:29:14.151894,29.5
2024-05-19 05:29:14.579929,27.25
2024-05-19 05:29:15.003896,42.0
2024-05-19 05:29:15.199918,38.0
2024-05-19 05:29:15.627893,41.5
2024-05-19 05:29:16.056963,43.25
2024-05-19 05:29:16.257949,43.0
2024-05-19 05:29:16.671283,41.0
2024-05-19 05:29:17.139897,26.0
2024-05-19 05:29:17.598988,35.0
2024-05-19 05:29:17.810999,36.5
2024-05-19 05:29:18.026031,44.5
2024-05-19 05:29:18.745310,24.75
2024-05-19 05:29:19.167900,38.75
2024-05-19 05:29:19.596950,46.75
2024-05-19 05:29:20.350955,36.0
2024-05-19 05:29:20.761944,46.5
2024-05-19 05:29:21.178515,43.0
2024-05-19 05:29:21.594125,44.25
2024-05-19 05:29:22.011890,44.5
2024-05-19 05:29:22.439891,46.25
2024-05-19 05:29:22.960968,38.0
2024-05-19 05:29:24.983577,11.5
2024-05-19 05:29:25.416947,31.25
2024-05-19 05:29:25.883492,26.5
2024-05-19 05:29:26.559895,43.833333333333336
2024-05-19 05:29:26.783447,43.0
2024-05-19 05:29:27.194722,48.25
2024-05-19 05:29:28.351900,24.166666666666668
2024-05-19 05:29:28.828661,34.5
2024-05-19 05:29:30.839908,9.61111111111111
2024-05-19 05:29:31.271907,40.5
2024-05-19 05:29:31.765471,34.25
2024-05-19 05:29:32.251908,30.5
2024-05-19 05:29:34.214952,10.61111111111111
2024-05-19 05:29:34.673795,8.0
2024-05-19 05:29:34.896965,15.0
2024-05-19 05:29:35.340658,22.75
2024-05-19 05:29:35.729790,44.0
2024-05-19 05:29:36.149989,45.75
2024-05-19 05:29:36.575892,43.25
2024-05-19 05:29:36.997067,43.5
2024-05-19 05:29:37.420993,42.0
2024-05-19 05:29:37.909427,41.75
2024-05-19 05:29:38.324974,41.25
2024-05-19 05:29:38.751915,44.0
2024-05-19 05:29:39.199065,43.0
2024-05-19 05:29:39.631908,42.25
2024-05-19 05:29:41.707903,9.0
2024-05-19 05:29:42.137649,38.5
2024-05-19 05:29:42.599927,41.0
2024-05-19 05:29:44.471915,7.8125
2024-05-19 05:29:44.916059,29.25
2024-05-19 05:29:45.355815,44.0
2024-05-19 05:29:45.761636,43.75
2024-05-19 05:29:47.708977,8.25
2024-05-19 05:29:48.187903,20.25
2024-05-19 05:29:48.621109,43.0
2024-05-19 05:29:49.048960,44.5
2024-05-19 05:29:49.595937,26.5
2024-05-19 05:29:50.009959,38.0
2024-05-19 05:29:50.412982,43.0
2024-05-19 05:29:50.850982,42.25
2024-05-19 05:29:51.274260,43.25
2024-05-19 05:29:51.488958,37.0
2024-05-19 05:29:52.195903,16.25
2024-05-19 05:29:52.384922,5.5
2024-05-19 05:29:52.594962,36.0
2024-05-19 05:29:53.795909,22.333333333333332
2024-05-19 05:29:54.426971,39.5
2024-05-19 05:29:56.602961,14.833333333333334
2024-05-19 05:29:57.294956,32.333333333333336
2024-05-19 05:29:57.928974,45.833333333333336
2024-05-19 05:29:58.731910,36.0
2024-05-19 05:29:59.369944,44.666666666666664
2024-05-19 05:30:00.038959,47.0
2024-05-19 05:30:00.656647,46.333333333333336
2024-05-19 05:30:01.402957,36.5
2024-05-19 05:30:02.044183,43.166666666666664
2024-05-19 05:30:04.331892,13.61111111111111
2024-05-19 05:30:04.986198,42.833333333333336
2024-05-19 05:30:07.473982,8.722222222222221
2024-05-19 05:30:08.100883,32.0
2024-05-19 05:30:08.723929,45.0
2024-05-19 05:30:09.175435,42.0
2024-05-19 05:30:11.287711,10.666666666666666
2024-05-19 05:30:11.981849,34.0
2024-05-19 05:30:12.437943,43.5
2024-05-19 05:30:13.166934,34.166666666666664
2024-05-19 05:30:13.604987,37.75
2024-05-19 05:30:14.057034,43.0
2024-05-19 05:30:16.287911,9.444444444444445
2024-05-19 05:30:16.746948,47.5
2024-05-19 05:30:17.212399,43.25
2024-05-19 05:30:19.176370,12.625
2024-05-19 05:30:19.647007,23.5
2024-05-19 05:30:20.286945,44.5
2024-05-19 05:30:20.690511,43.75
2024-05-19 05:30:21.102630,44.5
2024-05-19 05:30:22.015904,35.333333333333336
2024-05-19 05:30:22.695225,31.0
2024-05-19 05:30:24.586055,10.0625
2024-05-19 05:30:25.056382,39.75
2024-05-19 05:30:25.703892,44.666666666666664
2024-05-19 05:30:26.165206,44.0
2024-05-19 05:30:28.135925,11.0625
2024-05-19 05:30:28.880764,23.0
2024-05-19 05:30:29.108110,48.5
2024-05-19 05:30:29.779645,44.5
2024-05-19 05:30:30.305900,42.75
2024-05-19 05:30:30.744772,27.75
2024-05-19 05:30:31.389984,42.166666666666664
2024-05-19 05:30:31.827463,42.0
2024-05-19 05:30:32.275270,44.75
2024-05-19 05:30:32.710949,44.75
2024-05-19 05:30:33.493095,37.0
2024-05-19 05:30:34.059896,33.0
2024-05-19 05:30:34.513022,45.0
2024-05-19 05:30:34.744956,45.5
2024-05-19 05:30:35.379914,29.5
2024-05-19 05:30:37.662958,1.5625
2024-05-19 05:30:38.105999,33.5
2024-05-19 05:30:38.699036,1.0
2024-05-19 05:30:38.922826,24.0
2024-05-19 05:30:39.254952,7.5
2024-05-19 05:30:39.519893,25.0
2024-05-19 05:30:39.749954,21.0
2024-05-19 05:30:39.965685,25.5
2024-05-19 05:30:40.187728,25.5
2024-05-19 05:30:40.406004,26.0
2024-05-19 05:30:40.627894,26.5
2024-05-19 05:30:40.847654,26.5
2024-05-19 05:30:41.051178,26.5
2024-05-19 05:30:41.269951,28.5
2024-05-19 05:30:41.495893,25.0
2024-05-19 05:30:41.687898,27.5
2024-05-19 05:30:41.894028,27.5
2024-05-19 05:30:42.182982,17.5
2024-05-19 05:30:42.441958,20.0
2024-05-19 05:30:42.675892,27.5
2024-05-19 05:30:42.903386,27.5
2024-05-19 05:30:44.646026,4.25
2024-05-19 05:30:44.978288,10.0
2024-05-19 05:30:45.188914,10.0
2024-05-19 05:30:45.425018,19.0
2024-05-19 05:30:45.651013,26.5
2024-05-19 05:30:45.871922,27.0
2024-05-19 05:30:46.080950,28.5
2024-05-19 05:30:46.304950,26.5
2024-05-19 05:30:46.527246,26.0
2024-05-19 05:30:46.751921,27.0
2024-05-19 05:30:46.973009,25.0
2024-05-19 05:30:47.175927,25.5
2024-05-19 05:30:47.393082,27.5
2024-05-19 05:30:47.603924,25.5
2024-05-19 05:30:47.984732,25.0
2024-05-19 05:30:48.391944,15.25
2024-05-19 05:30:48.590961,19.5
2024-05-19 05:30:50.219912,3.375
2024-05-19 05:30:50.980712,6.75
2024-05-19 05:30:51.222858,21.5
2024-05-19 05:30:51.451897,26.5
2024-05-19 05:30:51.659891,27.5
2024-05-19 05:30:51.870862,27.0
2024-05-19 05:30:52.093947,26.0
2024-05-19 05:30:52.304952,28.0
2024-05-19 05:30:52.509385,25.0
2024-05-19 05:30:52.733180,26.5
2024-05-19 05:30:52.933007,26.5
2024-05-19 05:30:53.126605,27.0
2024-05-19 05:30:53.333228,27.0
2024-05-19 05:30:53.535778,26.5
2024-05-19 05:30:53.880958,13.5
2024-05-19 05:30:54.127909,20.5
2024-05-19 05:30:54.324953,20.5
2024-05-19 05:30:54.524951,26.5
2024-05-19 05:30:54.722808,27.0
2024-05-19 05:30:56.771207,5.388888888888889
2024-05-19 05:30:56.951916,5.5
2024-05-19 05:30:57.151310,23.5
2024-05-19 05:30:57.353170,24.0
2024-05-19 05:30:57.568020,25.0
2024-05-19 05:30:57.758949,26.5
2024-05-19 05:30:57.972194,28.5
2024-05-19 05:30:58.183432,25.0
2024-05-19 05:30:58.380532,26.0
2024-05-19 05:30:58.595606,27.5
2024-05-19 05:30:58.804508,26.5
2024-05-19 05:30:58.999908,25.0
2024-05-19 05:30:59.206953,26.0
2024-05-19 05:30:59.426357,29.0
2024-05-19 05:30:59.756471,19.0
2024-05-19 05:31:00.005533,14.5
2024-05-19 05:31:00.224949,19.5
2024-05-19 05:31:00.445942,27.0
2024-05-19 05:31:00.676954,30.0
2024-05-19 05:31:01.321821,18.5
2024-05-19 05:31:01.750948,41.5
2024-05-19 05:31:01.960254,38.5
2024-05-19 05:31:02.385249,43.0
2024-05-19 05:31:03.014982,21.75
2024-05-19 05:31:03.238956,43.5
2024-05-19 05:31:03.666627,41.5
2024-05-19 05:31:05.659991,7.5
2024-05-19 05:31:06.134953,22.0
2024-05-19 05:31:06.341948,40.0
2024-05-19 05:31:06.746986,40.75
2024-05-19 05:31:07.173823,43.0
2024-05-19 05:31:07.390848,35.5
2024-05-19 05:31:07.802208,42.0
2024-05-19 05:31:10.059912,6.75
2024-05-19 05:31:10.354395,30.5
2024-05-19 05:31:10.758763,37.0
2024-05-19 05:31:13.019932,7.35
2024-05-19 05:31:13.231918,40.5
2024-05-19 05:31:13.643060,41.0
2024-05-19 05:31:14.066016,41.0
2024-05-19 05:31:14.412701,39.5
2024-05-19 05:31:16.439000,6.222222222222222
2024-05-19 05:31:16.888872,34.0
2024-05-19 05:31:17.108572,37.5
2024-05-19 05:31:17.680960,26.75
2024-05-19 05:31:17.916947,32.5
2024-05-19 05:31:18.342946,40.0
2024-05-19 05:31:18.567468,40.5
2024-05-19 05:31:19.023918,41.0
2024-05-19 05:31:19.431909,39.25
2024-05-19 05:31:19.647898,43.5
2024-05-19 05:31:20.082676,44.25
2024-05-19 05:31:22.120099,7.055555555555555
2024-05-19 05:31:22.538820,22.75
2024-05-19 05:31:22.936999,41.0
2024-05-19 05:31:23.290987,22.0
2024-05-19 05:31:23.751918,30.25
2024-05-19 05:31:23.971596,37.5
2024-05-19 05:31:24.399948,42.75
2024-05-19 05:31:24.806967,41.25
2024-05-19 05:31:25.034772,43.5
2024-05-19 05:31:25.450958,39.75
2024-05-19 05:31:25.679921,38.5
2024-05-19 05:31:26.240265,24.25
2024-05-19 05:31:26.693547,37.5
2024-05-19 05:31:26.903232,37.5
2024-05-19 05:31:29.132019,10.5
2024-05-19 05:31:29.322953,18.5
2024-05-19 05:31:29.751890,37.0
2024-05-19 05:31:30.285959,37.5
2024-05-19 05:31:32.437960,0.0
2024-05-19 05:31:32.724331,2.5
2024-05-19 05:31:33.430837,21.75
2024-05-19 05:31:33.650018,38.0
2024-05-19 05:31:33.879892,38.5
2024-05-19 05:31:34.083894,35.5
2024-05-19 05:31:34.307911,37.0
2024-05-19 05:31:34.519892,35.5
2024-05-19 05:31:34.718995,36.0
2024-05-19 05:31:35.076458,10.0
2024-05-19 05:31:35.601767,28.0
2024-05-19 05:31:37.317867,3.75
2024-05-19 05:31:37.527921,24.0
2024-05-19 05:31:37.742978,36.5
2024-05-19 05:31:38.008156,33.0
2024-05-19 05:31:38.475897,33.75
2024-05-19 05:31:38.683926,35.5
2024-05-19 05:31:38.893961,35.5
2024-05-19 05:31:39.098155,34.5
2024-05-19 05:31:39.291974,35.5
2024-05-19 05:31:39.517932,35.5
2024-05-19 05:31:39.739900,35.0
2024-05-19 05:31:39.946949,35.0
2024-05-19 05:31:40.379909,34.25
2024-05-19 05:31:40.606092,36.0
2024-05-19 05:31:40.945281,25.0
2024-05-19 05:31:41.200800,17.5
2024-05-19 05:31:41.427902,36.5
2024-05-19 05:31:43.263923,5.1875
2024-05-19 05:31:43.483738,19.0
2024-05-19 05:31:43.842899,10.5
2024-05-19 05:31:44.099925,30.5
2024-05-19 05:31:44.567909,31.25
2024-05-19 05:31:46.288861,4.0625
2024-05-19 05:31:46.517811,23.0
2024-05-19 05:31:46.831890,5.5
2024-05-19 05:31:47.147893,35.5
2024-05-19 05:31:47.350973,23.5
2024-05-19 05:31:47.755926,35.25
2024-05-19 05:31:47.951919,33.5
2024-05-19 05:31:48.145402,37.0
2024-05-19 05:31:48.349757,38.0
2024-05-19 05:31:48.558909,34.5
2024-05-19 05:31:48.795932,34.5
2024-05-19 05:31:49.215896,35.0
2024-05-19 05:31:49.439444,38.0
2024-05-19 05:31:49.754846,25.0
2024-05-19 05:31:50.019892,16.0
2024-05-19 05:31:50.255907,36.0
2024-05-19 05:31:50.477943,35.0
2024-05-19 05:31:50.691918,34.5
2024-05-19 05:31:51.111896,36.25
2024-05-19 05:31:51.344323,46.5
2024-05-19 05:31:52.059900,0.0
2024-05-19 05:31:52.295906,10.0
2024-05-19 05:31:54.190793,1.625
2024-05-19 05:31:54.402126,0.0
2024-05-19 05:31:54.611332,26.0
2024-05-19 05:31:54.833973,27.0
2024-05-19 05:31:55.028982,29.0
2024-05-19 05:31:55.223892,24.5
2024-05-19 05:31:55.568756,27.0
2024-05-19 05:31:55.749606,7.0
2024-05-19 05:31:55.997967,26.5
2024-05-19 05:31:57.678874,1.8125
2024-05-19 05:31:57.899043,19.5
2024-05-19 05:31:58.113704,24.5
2024-05-19 05:31:58.477947,26.5
2024-05-19 05:31:58.664965,14.0
2024-05-19 05:31:58.879920,19.5
2024-05-19 05:31:59.113962,25.0
2024-05-19 05:32:00.816961,3.8125
2024-05-19 05:32:01.035909,23.5
2024-05-19 05:32:01.391924,26.0
2024-05-19 05:32:01.585983,10.0
2024-05-19 05:32:01.801934,23.0
2024-05-19 05:32:02.013948,26.0
2024-05-19 05:32:02.226953,29.0
2024-05-19 05:32:02.427811,25.5
2024-05-19 05:32:02.650766,26.5
2024-05-19 05:32:02.871893,28.0
2024-05-19 05:32:03.131917,25.5
2024-05-19 05:32:05.091392,2.5
2024-05-19 05:32:05.312953,14.5
2024-05-19 05:32:05.532961,25.0
2024-05-19 05:32:05.771766,25.5
2024-05-19 05:32:07.854630,3.2222222222222223
2024-05-19 05:32:08.071538,25.0
2024-05-19 05:32:08.294951,26.5
2024-05-19 05:32:08.512757,25.5
2024-05-19 05:32:08.746885,23.5
2024-05-19 05:32:08.995907,25.0
2024-05-19 05:32:09.375184,7.0
2024-05-19 05:32:09.593044,5.5
2024-05-19 05:32:09.826979,15.5
2024-05-19 05:32:11.756970,2.0
2024-05-19 05:32:11.958013,0.0
2024-05-19 05:32:12.175894,11.0
2024-05-19 05:32:12.397782,15.5
2024-05-19 05:32:12.622950,16.5
2024-05-19 05:32:12.838953,15.0
2024-05-19 05:32:13.182142,15.0
2024-05-19 05:32:13.454657,12.5
2024-05-19 05:32:13.661529,15.0
2024-05-19 05:32:13.880384,16.0
2024-05-19 05:32:14.098188,14.0
2024-05-19 05:32:14.309952,15.0
2024-05-19 05:32:14.530941,15.0
2024-05-19 05:32:16.568967,2.4444444444444446
2024-05-19 05:32:16.799893,0.0
2024-05-19 05:32:17.011902,15.0
2024-05-19 05:32:17.234278,15.5
2024-05-19 05:32:17.451894,16.0
2024-05-19 05:32:17.660953,16.0
2024-05-19 05:32:17.874074,16.0
2024-05-19 05:32:18.068953,14.5
2024-05-19 05:32:18.274977,15.5
2024-05-19 05:32:18.487910,15.0
2024-05-19 05:32:18.700024,15.0
2024-05-19 05:32:19.026949,3.5
2024-05-19 05:32:19.279491,14.5
2024-05-19 05:32:19.507894,12.5
2024-05-19 05:32:19.725949,15.0
2024-05-19 05:32:19.955908,15.0
2024-05-19 05:32:20.167894,15.0
2024-05-19 05:32:20.399909,16.5
2024-05-19 05:32:20.611909,15.0
2024-05-19 05:32:21.145952,16.25
2024-05-19 05:32:21.368650,18.5
2024-05-19 05:32:21.612964,27.5
2024-05-19 05:32:23.531910,2.625
2024-05-19 05:32:23.752714,0.0
2024-05-19 05:32:23.979906,27.0
2024-05-19 05:32:24.198027,26.0
2024-05-19 05:32:24.417953,28.5
2024-05-19 05:32:24.621960,27.0
2024-05-19 05:32:24.882956,11.0
2024-05-19 05:32:25.147897,19.5
2024-05-19 05:32:25.367903,18.0
2024-05-19 05:32:25.590535,26.5
2024-05-19 05:32:25.814952,29.0
2024-05-19 05:32:26.011489,26.5
2024-05-19 05:32:26.234818,27.5
2024-05-19 05:32:26.452964,27.5
2024-05-19 05:32:26.667918,27.5
2024-05-19 05:32:26.886946,27.5
2024-05-19 05:32:27.102817,26.0
2024-05-19 05:32:27.309954,26.5
2024-05-19 05:32:27.535975,27.0
2024-05-19 05:32:27.839341,3.5
2024-05-19 05:32:28.100951,26.5
2024-05-19 05:32:28.322767,19.5
2024-05-19 05:32:30.142993,5.5
2024-05-19 05:32:30.376949,0.0
2024-05-19 05:32:30.719903,23.0
2024-05-19 05:32:30.951915,13.0
2024-05-19 05:32:31.159905,18.0
2024-05-19 05:32:31.383893,26.5
2024-05-19 05:32:31.613012,28.0
2024-05-19 05:32:31.844948,27.5
2024-05-19 05:32:32.054737,27.0
2024-05-19 05:32:32.285985,27.5
2024-05-19 05:32:32.497949,26.0
2024-05-19 05:32:32.714295,26.5
2024-05-19 05:32:32.931409,26.5
2024-05-19 05:32:33.154949,25.5
2024-05-19 05:32:33.386337,27.0
2024-05-19 05:32:33.691922,12.5
2024-05-19 05:32:33.964976,18.5
2024-05-19 05:32:34.186513,19.0
2024-05-19 05:32:34.409581,29.0
2024-05-19 05:32:34.628955,26.0
2024-05-19 05:32:34.854774,28.5
2024-05-19 05:32:35.071072,27.0
2024-05-19 05:32:35.283895,28.0
2024-05-19 05:32:35.501361,26.0
2024-05-19 05:32:35.734094,25.5
2024-05-19 05:32:36.142765,1.0
2024-05-19 05:32:36.539549,6.5
2024-05-19 05:32:36.724955,3.0
2024-05-19 05:32:36.947096,15.5
2024-05-19 05:32:37.174942,11.5
2024-05-19 05:32:37.424670,4.5
2024-05-19 05:32:39.475414,2.8333333333333335
2024-05-19 05:32:39.660951,1.5
2024-05-19 05:32:39.866933,11.0
2024-05-19 05:32:40.073955,15.0
2024-05-19 05:32:40.331903,15.5
2024-05-19 05:32:41.940727,1.75
2024-05-19 05:32:42.147844,0.0
2024-05-19 05:32:42.471899,7.5
2024-05-19 05:32:42.716017,12.5
2024-05-19 05:32:42.920744,11.0
2024-05-19 05:32:43.129955,16.0
2024-05-19 05:32:43.323378,15.5
2024-05-19 05:32:43.536614,15.5
2024-05-19 05:32:43.752850,15.5
2024-05-19 05:32:43.960950,15.0
2024-05-19 05:32:44.171892,15.5
2024-05-19 05:32:44.387909,15.0
2024-05-19 05:32:44.599897,15.0
2024-05-19 05:32:44.819910,16.0
2024-05-19 05:32:45.027893,15.5
2024-05-19 05:32:45.377955,16.5
2024-05-19 05:32:45.613954,12.5
2024-05-19 05:32:45.835893,14.0
2024-05-19 05:32:46.029327,17.0
2024-05-19 05:32:47.921169,2.388888888888889
2024-05-19 05:32:48.271199,10.5
2024-05-19 05:32:48.505953,9.0
2024-05-19 05:32:48.708949,12.0
2024-05-19 05:32:48.938994,15.0
2024-05-19 05:32:49.151453,14.5
2024-05-19 05:32:49.343907,15.5
2024-05-19 05:32:49.545010,16.0
2024-05-19 05:32:49.783967,24.5
2024-05-19 05:32:49.983895,16.0
2024-05-19 05:32:50.191891,15.0
2024-05-19 05:32:50.411361,16.5
2024-05-19 05:32:50.619892,14.5
2024-05-19 05:32:50.828949,16.5
2024-05-19 05:32:51.169492,15.0
2024-05-19 05:32:51.350166,3.5
2024-05-19 05:32:51.544949,15.0
2024-05-19 05:32:51.761071,11.5
2024-05-19 05:32:51.979903,16.0
2024-05-19 05:32:53.680088,1.8125
2024-05-19 05:32:53.888960,1.0
2024-05-19 05:32:54.166955,12.5
2024-05-19 05:32:54.399898,12.5
2024-05-19 05:32:54.606979,16.0
2024-05-19 05:32:54.806948,15.5
2024-05-19 05:32:55.015244,16.5
2024-05-19 05:32:55.214348,15.0
2024-05-19 05:32:55.427834,16.5
2024-05-19 05:32:55.649952,15.5
2024-05-19 05:32:55.853404,16.5
2024-05-19 05:32:56.053959,16.0
2024-05-19 05:32:56.252635,15.5
2024-05-19 05:32:56.463740,16.0
2024-05-19 05:32:56.676786,15.0
2024-05-19 05:32:57.030824,15.5
2024-05-19 05:32:57.212819,11.5
2024-05-19 05:32:57.422951,12.0
2024-05-19 05:32:57.628777,15.5
2024-05-19 05:32:57.835895,16.0
2024-05-19 05:32:58.052950,16.0
2024-05-19 05:32:58.259894,15.5
2024-05-19 05:32:58.465424,15.5
2024-05-19 05:32:58.678410,15.5
2024-05-19 05:32:58.898624,15.0
2024-05-19 05:32:59.103920,15.0
2024-05-19 05:32:59.347913,22.0
2024-05-19 05:32:59.543924,12.0
2024-05-19 05:32:59.757962,25.5
2024-05-19 05:33:00.028951,6.0
2024-05-19 05:33:00.291893,25.5
2024-05-19 05:33:00.503895,19.0
2024-05-19 05:33:00.763900,24.0
2024-05-19 05:33:02.437130,1.4375
2024-05-19 05:33:02.633955,22.5
2024-05-19 05:33:02.943894,18.5
2024-05-19 05:33:03.212959,21.0
2024-05-19 05:33:03.431969,26.5
2024-05-19 05:33:03.627508,26.0
2024-05-19 05:33:03.845951,25.0
2024-05-19 05:33:04.037482,24.5
2024-05-19 05:33:04.254203,25.0
2024-05-19 05:33:04.467893,26.0
2024-05-19 05:33:04.670959,24.0
2024-05-19 05:33:04.887919,26.0
2024-05-19 05:33:05.093837,25.5
2024-05-19 05:33:05.307893,25.0
2024-05-19 05:33:05.512951,25.0
2024-05-19 05:33:05.850638,12.0
2024-05-19 05:33:06.116954,22.0
2024-05-19 05:33:06.326493,18.5
2024-05-19 05:33:06.552954,24.0
2024-05-19 05:33:06.764889,24.0
2024-05-19 05:33:06.971922,27.0
2024-05-19 05:33:07.186845,24.5
2024-05-19 05:33:09.255918,2.611111111111111
2024-05-19 05:33:09.467922,23.5
2024-05-19 05:33:11.191906,4.0
2024-05-19 05:33:11.407188,17.0
2024-05-19 05:33:11.710676,14.0
2024-05-19 05:33:11.941894,14.0
2024-05-19 05:33:12.156954,19.5
2024-05-19 05:33:12.386955,26.5
2024-05-19 05:33:12.601977,37.5
2024-05-19 05:33:12.955251,14.0
2024-05-19 05:33:13.170804,17.0
2024-05-19 05:33:13.413951,45.5
2024-05-19 05:33:13.637064,41.5
2024-05-19 05:33:13.842912,37.5
2024-05-19 05:33:14.043909,43.5
2024-05-19 05:33:14.252091,43.5
2024-05-19 05:33:14.603900,42.0
2024-05-19 05:33:14.855895,37.5
2024-05-19 05:33:15.071892,30.5
2024-05-19 05:33:15.287884,40.5
2024-05-19 05:33:15.505007,44.5
2024-05-19 05:33:17.566951,7.277777777777778
2024-05-19 05:33:17.827917,31.0
2024-05-19 05:33:18.039904,38.5
2024-05-19 05:33:18.243892,39.5
2024-05-19 05:33:18.443887,42.5
2024-05-19 05:33:18.664953,45.0
2024-05-19 05:33:18.887162,39.5
2024-05-19 05:33:19.110948,37.5
2024-05-19 05:33:19.323887,40.0
2024-05-19 05:33:19.535756,43.5
2024-05-19 05:33:19.747892,40.5
2024-05-19 05:33:19.970952,41.0
2024-05-19 05:33:20.221966,41.0
2024-05-19 05:33:22.111922,2.375
2024-05-19 05:33:22.330019,0.0
2024-05-19 05:33:22.540450,27.0
2024-05-19 05:33:22.759884,41.0
2024-05-19 05:33:22.978952,44.0
2024-05-19 05:33:23.487645,24.75
2024-05-19 05:33:23.751895,38.0
2024-05-19 05:33:23.963881,21.0
2024-05-19 05:33:24.183885,42.5
2024-05-19 05:33:24.411059,44.5
2024-05-19 05:33:24.625231,40.5
2024-05-19 05:33:24.839914,41.5
2024-05-19 05:33:25.072950,45.5
2024-05-19 05:33:25.295891,42.0
2024-05-19 05:33:25.499076,38.5
2024-05-19 05:33:25.945509,47.0
2024-05-19 05:33:26.783935,1.0
2024-05-19 05:33:27.036961,43.5
2024-05-19 05:33:28.723908,3.75
2024-05-19 05:33:28.949507,0.0
2024-05-19 05:33:29.165025,30.0
2024-05-19 05:33:29.579753,20.5
2024-05-19 05:33:29.838949,26.5
2024-05-19 05:33:30.067271,38.5
2024-05-19 05:33:30.285026,42.0
2024-05-19 05:33:30.482954,42.5
2024-05-19 05:33:30.689966,39.0
2024-05-19 05:33:30.907924,39.5
2024-05-19 05:33:32.917970,7.944444444444445
2024-05-19 05:33:33.126998,0.0
2024-05-19 05:33:33.352830,35.5
2024-05-19 05:33:33.555892,44.0
2024-05-19 05:33:33.795918,42.5
2024-05-19 05:33:34.012742,42.0
2024-05-19 05:33:34.245100,42.0
2024-05-19 05:33:36.262986,4.166666666666667
2024-05-19 05:33:36.487142,33.5
2024-05-19 05:33:36.707894,36.0
2024-05-19 05:33:36.914994,42.0
2024-05-19 05:33:37.116979,43.5
2024-05-19 05:33:37.315608,40.0
2024-05-19 05:33:37.535893,41.0
2024-05-19 05:33:37.751885,39.0
2024-05-19 05:33:37.949090,45.5
2024-05-19 05:33:38.303285,30.0
2024-05-19 05:33:38.566948,19.5
2024-05-19 05:33:38.776977,42.0
2024-05-19 05:33:39.000941,46.0
2024-05-19 05:33:39.213599,40.0
2024-05-19 05:33:39.412327,39.5
2024-05-19 05:33:39.631892,40.0
2024-05-19 05:33:39.859884,42.0
2024-05-19 05:33:40.075894,43.0
2024-05-19 05:33:40.287893,41.5
2024-05-19 05:33:40.507021,39.0
2024-05-19 05:33:40.712608,43.0
2024-05-19 05:33:41.212171,29.0
2024-05-19 05:33:42.962069,2.0625
2024-05-19 05:33:43.199930,50.0
2024-05-19 05:33:43.867294,1.0
2024-05-19 05:33:44.212284,3.5
2024-05-19 05:33:44.479906,15.0
2024-05-19 05:33:44.705950,12.0
2024-05-19 05:33:44.916948,14.5
2024-05-19 05:33:45.138249,15.5
2024-05-19 05:33:45.359465,16.0
2024-05-19 05:33:45.571017,16.0
2024-05-19 05:33:45.789271,17.0
2024-05-19 05:33:46.011903,15.5
2024-05-19 05:33:47.991980,1.6111111111111112
2024-05-19 05:33:48.203064,10.0
2024-05-19 05:33:48.421895,15.0
2024-05-19 05:33:48.643936,15.5
2024-05-19 05:33:48.859516,15.5
2024-05-19 05:33:49.100988,15.0
2024-05-19 05:33:49.318627,13.5
2024-05-19 05:33:49.533923,15.0
2024-05-19 05:33:49.733843,15.0
2024-05-19 05:33:50.055915,7.5
2024-05-19 05:33:50.291821,12.5
2024-05-19 05:33:50.515923,11.0
2024-05-19 05:33:50.725632,15.0
2024-05-19 05:33:50.940952,15.0
2024-05-19 05:33:51.161946,16.5
2024-05-19 05:33:51.386749,15.5
2024-05-19 05:33:51.583900,15.0
2024-05-19 05:33:53.429980,1.75
2024-05-19 05:33:53.634016,1.5
2024-05-19 05:33:53.847893,15.0
2024-05-19 05:33:54.077958,14.5
2024-05-19 05:33:54.310106,14.5
2024-05-19 05:33:56.142023,1.75
2024-05-19 05:33:56.370305,0.0
2024-05-19 05:33:56.582888,16.0
2024-05-19 05:33:56.795893,15.5
2024-05-19 05:33:57.011791,16.0
2024-05-19 05:33:57.264456,19.5
2024-05-19 05:33:57.483924,13.0
2024-05-19 05:33:57.715683,15.0
2024-05-19 05:33:57.931894,15.0
2024-05-19 05:33:58.159726,15.0
2024-05-19 05:33:58.393980,16.0
2024-05-19 05:33:58.758022,14.5
2024-05-19 05:33:58.944040,3.0
2024-05-19 05:33:59.159284,15.5
2024-05-19 05:33:59.386748,15.0
2024-05-19 05:33:59.591621,15.5
2024-05-19 05:33:59.810959,16.0
2024-05-19 05:34:00.023893,16.0
2024-05-19 05:34:00.239218,16.0
2024-05-19 05:34:00.451921,14.5
2024-05-19 05:34:00.659923,15.5
2024-05-19 05:34:00.893973,15.0
2024-05-19 05:34:02.778389,2.5
2024-05-19 05:34:02.996443,6.0
2024-05-19 05:34:03.242959,16.5
2024-05-19 05:34:03.483069,15.0
2024-05-19 05:34:03.690423,14.5
2024-05-19 05:34:03.895912,15.0
2024-05-19 05:34:04.109569,15.0
2024-05-19 05:34:04.322435,14.0
2024-05-19 05:34:04.685385,12.0
2024-05-19 05:34:04.939911,7.5
2024-05-19 05:34:05.157966,11.5
2024-05-19 05:34:05.389951,15.5
2024-05-19 05:34:05.664968,15.5
2024-05-19 05:34:07.239096,1.5714285714285714
2024-05-19 05:34:07.595895,4.0
2024-05-19 05:34:07.850731,14.5
2024-05-19 05:34:08.074506,11.5
2024-05-19 05:34:08.300165,15.5
2024-05-19 05:34:08.515914,15.5
2024-05-19 05:34:08.809951,9.0
2024-05-19 05:34:09.031895,16.5
2024-05-19 05:34:09.257951,15.0
2024-05-19 05:34:09.498023,14.5
2024-05-19 05:34:11.331906,2.3125
2024-05-19 05:34:11.566099,0.0
2024-05-19 05:34:11.795008,15.5
2024-05-19 05:34:12.012424,17.0
2024-05-19 05:34:12.239115,15.0
2024-05-19 05:34:12.463896,15.5
2024-05-19 05:34:12.679892,15.0
2024-05-19 05:34:12.900950,14.5
2024-05-19 05:34:13.112168,15.5
2024-05-19 05:34:13.463945,13.0
2024-05-19 05:34:13.652538,7.5
2024-05-19 05:34:13.867453,11.0
2024-05-19 05:34:14.101959,15.0
2024-05-19 05:34:14.331128,13.5
2024-05-19 05:34:14.559345,15.0
2024-05-19 05:34:14.787892,15.0
2024-05-19 05:34:14.999892,16.0
2024-05-19 05:34:15.214948,15.5
2024-05-19 05:34:15.436438,16.0
2024-05-19 05:34:15.655447,15.5
2024-05-19 05:34:15.877963,15.0
2024-05-19 05:34:17.781347,2.5
2024-05-19 05:34:17.998974,2.0
2024-05-19 05:34:18.219002,15.5
2024-05-19 05:34:18.447117,16.5
2024-05-19 05:34:18.671517,14.5
2024-05-19 05:34:18.894955,14.5
2024-05-19 05:34:19.125989,15.5
2024-05-19 05:34:19.401080,3.0
2024-05-19 05:34:19.660954,14.5
2024-05-19 05:34:19.867894,12.0
2024-05-19 05:34:20.077771,15.5
2024-05-19 05:34:20.359503,25.0
2024-05-19 05:34:20.578372,26.5
2024-05-19 05:34:20.816227,26.5
2024-05-19 05:34:21.040579,26.5
2024-05-19 05:34:21.264723,27.0
2024-05-19 05:34:21.479920,25.0
2024-05-19 05:34:21.693951,25.0
2024-05-19 05:34:21.910945,26.5
2024-05-19 05:34:22.262004,22.5
2024-05-19 05:34:22.450840,13.5
2024-05-19 05:34:24.446954,4.722222222222222
2024-05-19 05:34:24.681983,22.5
2024-05-19 05:34:24.889941,24.5
2024-05-19 05:34:25.236978,13.5
2024-05-19 05:34:25.499609,20.0
2024-05-19 05:34:25.730947,18.5
2024-05-19 05:34:25.959892,25.5
2024-05-19 05:34:26.181593,27.0
2024-05-19 05:34:26.396954,26.5
2024-05-19 05:34:26.630683,27.5
2024-05-19 05:34:26.867922,26.0
2024-05-19 05:34:28.851901,3.875
2024-05-19 05:34:29.063078,19.5
2024-05-19 05:34:29.267890,23.0
2024-05-19 05:34:29.470950,26.5
2024-05-19 05:34:29.687017,26.5
2024-05-19 05:34:29.898953,26.0
2024-05-19 05:34:30.097013,27.0
2024-05-19 05:34:30.306024,27.0
2024-05-19 05:34:30.507946,26.0
2024-05-19 05:34:30.727892,26.0
2024-05-19 05:34:31.061755,21.0
2024-05-19 05:34:31.312337,14.5
2024-05-19 05:34:33.019514,3.5625
2024-05-19 05:34:33.223922,3.0
2024-05-19 05:34:33.429257,26.0
2024-05-19 05:34:33.652950,33.5
2024-05-19 05:34:34.177137,1.5
2024-05-19 05:34:34.439904,32.5
2024-05-19 05:34:36.111907,7.6875
2024-05-19 05:34:36.319936,0.0
2024-05-19 05:34:36.550587,21.0
2024-05-19 05:34:36.772964,46.5
2024-05-19 05:34:37.127601,30.5
2024-05-19 05:34:38.857217,2.875
2024-05-19 05:34:39.073951,23.5
2024-05-19 05:34:39.294572,38.5
2024-05-19 05:34:39.522952,39.0
2024-05-19 05:34:39.757961,44.5
2024-05-19 05:34:40.020946,13.5
2024-05-19 05:34:40.253769,38.0
2024-05-19 05:34:40.460955,31.0
2024-05-19 05:34:40.663087,40.5
2024-05-19 05:34:40.855921,38.5
2024-05-19 05:34:41.075888,45.5
2024-05-19 05:34:41.279915,42.5
2024-05-19 05:34:41.495892,41.5
2024-05-19 05:34:41.696957,40.5
2024-05-19 05:34:41.895440,42.5
2024-05-19 05:34:42.103911,45.0
2024-05-19 05:34:42.323913,42.0
2024-05-19 05:34:42.520893,39.0
2024-05-19 05:34:42.879908,41.0
2024-05-19 05:34:43.063413,12.0
2024-05-19 05:34:43.262888,40.5
2024-05-19 05:34:43.492045,38.0
2024-05-19 05:34:43.693936,38.5
2024-05-19 05:34:43.895892,42.5
2024-05-19 05:34:44.123597,42.0
2024-05-19 05:34:44.355180,44.0
2024-05-19 05:34:46.260564,6.8125
2024-05-19 05:34:46.483600,0.0
2024-05-19 05:34:46.733871,30.5
2024-05-19 05:34:46.955132,40.0
2024-05-19 05:34:47.163897,39.5
2024-05-19 05:34:47.375921,43.5
2024-05-19 05:34:47.599182,45.0
2024-05-19 05:34:47.823929,41.0
2024-05-19 05:34:48.027901,39.0
2024-05-19 05:34:48.484993,47.0
2024-05-19 05:34:49.293351,1.0
2024-05-19 05:34:49.543903,10.0
2024-05-19 05:34:51.218056,1.6875
2024-05-19 05:34:51.445022,19.5
2024-05-19 05:34:51.771901,24.5
2024-05-19 05:34:51.971910,16.5
2024-05-19 05:34:52.189950,18.0
2024-05-19 05:34:52.389952,25.0
2024-05-19 05:34:52.582876,25.5
2024-05-19 05:34:52.795054,25.5
2024-05-19 05:34:52.996950,25.5
2024-05-19 05:34:53.217666,27.0
2024-05-19 05:34:53.433953,24.5
2024-05-19 05:34:53.651920,24.0
2024-05-19 05:34:53.854953,25.5
2024-05-19 05:34:54.089299,24.0
2024-05-19 05:34:55.873586,2.375
2024-05-19 05:34:56.093650,0.0
2024-05-19 05:34:56.295255,15.5
2024-05-19 05:34:56.497186,25.0
2024-05-19 05:34:56.692697,25.0
2024-05-19 05:34:56.903906,26.5
2024-05-19 05:34:57.127891,24.5
2024-05-19 05:34:57.347907,25.5
2024-05-19 05:34:57.677955,23.0
2024-05-19 05:34:57.879171,9.0
2024-05-19 05:34:58.088971,19.5
2024-05-19 05:34:58.293900,24.5
2024-05-19 05:34:58.515912,26.0
2024-05-19 05:34:58.737954,25.5
2024-05-19 05:34:58.937958,25.5
2024-05-19 05:34:59.157643,25.0
2024-05-19 05:34:59.378374,25.0
2024-05-19 05:34:59.586795,25.5
2024-05-19 05:34:59.791894,27.5
2024-05-19 05:34:59.987783,24.5
2024-05-19 05:35:00.188014,26.0
2024-05-19 05:35:00.664985,29.25
2024-05-19 05:35:01.079806,1.0
2024-05-19 05:35:01.290053,14.5
2024-05-19 05:35:01.504450,26.5
2024-05-19 05:35:01.707957,25.5
2024-05-19 05:35:01.924952,27.5
2024-05-19 05:35:02.134953,26.0
2024-05-19 05:35:02.386963,26.0
2024-05-19 05:35:04.287255,2.1875
2024-05-19 05:35:04.505953,10.5
2024-05-19 05:35:04.712980,25.0
2024-05-19 05:35:04.935275,28.0
2024-05-19 05:35:05.151881,26.0
2024-05-19 05:35:05.403892,27.0
2024-05-19 05:35:05.613171,27.0
2024-05-19 05:35:05.807893,28.0
2024-05-19 05:35:06.007908,26.0
2024-05-19 05:35:06.218951,27.0
2024-05-19 05:35:06.555893,4.5
2024-05-19 05:35:06.811893,24.5
2024-05-19 05:35:07.018025,24.0
2024-05-19 05:35:07.231891,27.0
2024-05-19 05:35:07.428192,25.0
2024-05-19 05:35:07.655921,26.5
2024-05-19 05:35:07.851904,27.0
2024-05-19 05:35:08.059909,26.0
2024-05-19 05:35:08.254132,27.0
2024-05-19 05:35:08.465049,27.0
2024-05-19 05:35:08.687924,26.0
2024-05-19 05:35:08.898950,25.5
2024-05-19 05:35:09.119922,26.5
2024-05-19 05:35:09.467914,19.0
2024-05-19 05:35:09.724959,15.0
2024-05-19 05:35:09.939895,19.5
2024-05-19 05:35:10.149961,26.5
2024-05-19 05:35:11.951904,3.5625
2024-05-19 05:35:12.425990,15.5
2024-05-19 05:35:12.672945,42.0
2024-05-19 05:35:13.007338,3.0
2024-05-19 05:35:13.219911,37.0
2024-05-19 05:35:13.448970,46.0
2024-05-19 05:35:13.664818,42.0
2024-05-19 05:35:14.089100,35.0
2024-05-19 05:35:14.319927,26.0
2024-05-19 05:35:14.751921,40.25
2024-05-19 05:35:14.951817,41.5
2024-05-19 05:35:15.549950,20.25
2024-05-19 05:35:15.756038,37.0
2024-05-19 05:35:15.963893,39.0
2024-05-19 05:35:16.383899,42.0
2024-05-19 05:35:16.587917,38.0
2024-05-19 05:35:16.815899,40.0
2024-05-19 05:35:17.272963,39.25
2024-05-19 05:35:17.487028,38.0
2024-05-19 05:35:17.699970,38.5
2024-05-19 05:35:18.249168,37.25
2024-05-19 05:35:18.475900,19.0
2024-05-19 05:35:18.945432,36.25
2024-05-19 05:35:20.781978,6.3125
2024-05-19 05:35:21.130962,42.5
2024-05-19 05:35:21.543892,22.0
2024-05-19 05:35:21.746298,42.5
2024-05-19 05:35:21.959782,38.0
2024-05-19 05:35:24.091540,10.055555555555555
2024-05-19 05:35:24.282952,7.5
2024-05-19 05:35:24.708058,36.25
2024-05-19 05:35:24.925605,39.0
2024-05-19 05:35:25.147923,39.0
2024-05-19 05:35:25.567898,39.75
2024-05-19 05:35:25.767904,39.5
2024-05-19 05:35:25.975136,40.5
2024-05-19 05:35:26.395898,41.0
2024-05-19 05:35:26.635415,39.0
2024-05-19 05:35:26.979919,38.5
2024-05-19 05:35:27.391918,27.5
2024-05-19 05:35:27.799898,39.0
2024-05-19 05:35:28.010752,40.0
2024-05-19 05:35:28.243893,37.0
2024-05-19 05:35:28.480092,40.0
2024-05-19 05:35:28.910220,38.75
2024-05-19 05:35:29.119046,38.0
2024-05-19 05:35:29.521956,38.75
2024-05-19 05:35:29.993964,27.75
2024-05-19 05:35:30.257137,34.5
2024-05-19 05:35:32.047775,6.5
2024-05-19 05:35:32.487897,20.5
2024-05-19 05:35:32.826063,36.5
2024-05-19 05:35:33.023931,38.5
2024-05-19 05:35:33.771895,1.5
2024-05-19 05:35:33.996963,26.5
2024-05-19 05:35:34.211920,26.5
2024-05-19 05:35:34.427840,26.0
2024-05-19 05:35:34.643926,28.5
2024-05-19 05:35:35.056070,1.0
2024-05-19 05:35:35.265987,10.5
2024-05-19 05:35:35.494951,15.0
2024-05-19 05:35:35.838967,12.0
2024-05-19 05:35:37.668191,1.0625
2024-05-19 05:35:37.886625,4.5
2024-05-19 05:35:38.113958,15.5
2024-05-19 05:35:38.347891,15.5
2024-05-19 05:35:38.566036,16.5
2024-05-19 05:35:38.838010,4.5
2024-05-19 05:35:39.105439,11.5
2024-05-19 05:35:39.335893,11.0
2024-05-19 05:35:39.566926,16.5
2024-05-19 05:35:39.786898,15.0
2024-05-19 05:35:40.003120,16.5
2024-05-19 05:35:40.223494,15.5
2024-05-19 05:35:40.447667,15.0
2024-05-19 05:35:40.664951,15.5
2024-05-19 05:35:40.880579,14.5
2024-05-19 05:35:41.087912,15.0
2024-05-19 05:35:41.307898,15.5
2024-05-19 05:35:41.659776,15.0
2024-05-19 05:35:41.847893,3.0
2024-05-19 05:35:42.099870,15.5
2024-05-19 05:35:43.845014,1.0
2024-05-19 05:35:44.067897,11.0
2024-05-19 05:35:44.291919,13.5
2024-05-19 05:35:44.638020,12.0
2024-05-19 05:35:44.902263,8.5
2024-05-19 05:35:45.130952,10.0
2024-05-19 05:35:45.355895,16.5
2024-05-19 05:35:45.576672,15.0
2024-05-19 05:35:45.803920,16.5
2024-05-19 05:35:46.010440,15.5
2024-05-19 05:35:46.223901,15.0
2024-05-19 05:35:46.446970,15.5
2024-05-19 05:35:46.695893,26.0
2024-05-19 05:35:46.902881,22.0
2024-05-19 05:35:47.117952,43.0
2024-05-19 05:35:47.348966,38.0
2024-05-19 05:35:47.971893,18.0
2024-05-19 05:35:48.199211,46.0
2024-05-19 05:35:50.056962,6.1875
2024-05-19 05:35:50.575626,5.75
2024-05-19 05:35:50.828966,37.0
2024-05-19 05:35:51.064956,28.5
2024-05-19 05:35:51.487944,38.25
2024-05-19 05:35:51.719012,37.5
2024-05-19 05:35:51.942952,43.0
2024-05-19 05:35:52.379891,41.75
2024-05-19 05:35:52.599893,39.5
2024-05-19 05:35:52.822958,38.5
2024-05-19 05:35:53.398171,40.25
2024-05-19 05:35:53.587893,20.0
2024-05-19 05:35:54.039910,33.25
2024-05-19 05:35:54.263892,36.5
2024-05-19 05:35:54.492953,37.5
2024-05-19 05:35:54.937513,39.75
2024-05-19 05:35:55.157209,43.0
2024-05-19 05:35:55.371908,39.5
2024-05-19 05:35:55.799897,40.0
2024-05-19 05:35:56.015903,36.5
2024-05-19 05:35:58.023569,5.8125
2024-05-19 05:35:58.447456,19.0
2024-05-19 05:35:59.559903,18.0
2024-05-19 05:35:59.821955,32.5
2024-05-19 05:36:00.037710,34.5
2024-05-19 05:36:00.479039,38.75
2024-05-19 05:36:00.703893,37.0
2024-05-19 05:36:00.920027,42.0
2024-05-19 05:36:01.362279,40.75
2024-05-19 05:36:03.383918,7.5
2024-05-19 05:36:03.594782,24.0
2024-05-19 05:36:04.047041,39.75
2024-05-19 05:36:04.248957,36.5
2024-05-19 05:36:04.482945,38.5
2024-05-19 05:36:04.891899,39.25
2024-05-19 05:36:05.110966,38.5
2024-05-19 05:36:05.653027,22.25
2024-05-19 05:36:05.875095,27.5
2024-05-19 05:36:06.310316,40.5
2024-05-19 05:36:06.507027,41.0
2024-05-19 05:36:08.656191,6.333333333333333
2024-05-19 05:36:08.882850,24.0
2024-05-19 05:36:09.091893,38.5
2024-05-19 05:36:09.525944,41.25
2024-05-19 05:36:09.734332,50.0
2024-05-19 05:36:10.355893,4.0
2024-05-19 05:36:10.579893,26.5
2024-05-19 05:36:10.821368,30.0
2024-05-19 05:36:11.722991,5.5
2024-05-19 05:36:11.935966,29.0
2024-05-19 05:36:12.151898,30.5
2024-05-19 05:36:12.349189,34.0
2024-05-19 05:36:12.615893,29.5
2024-05-19 05:36:12.831966,28.5
2024-05-19 05:36:13.077964,31.5
2024-05-19 05:36:15.039906,3.875
2024-05-19 05:36:15.248946,1.5
2024-05-19 05:36:15.508593,30.0
2024-05-19 05:36:17.271924,1.75
2024-05-19 05:36:17.514232,0.0
2024-05-19 05:36:17.703907,22.5
2024-05-19 05:36:17.911908,30.5
2024-05-19 05:36:18.116941,30.0
2024-05-19 05:36:18.351891,30.0
2024-05-19 05:36:18.583908,32.0
2024-05-19 05:36:18.784402,31.5
2024-05-19 05:36:18.991894,29.0
2024-05-19 05:36:19.231919,30.0
2024-05-19 05:36:19.436955,29.0
2024-05-19 05:36:19.658744,29.0
2024-05-19 05:36:19.867896,29.0
2024-05-19 05:36:20.196107,13.0
2024-05-19 05:36:20.445719,27.0
2024-05-19 05:36:20.676031,22.0
2024-05-19 05:36:20.915260,29.0
2024-05-19 05:36:21.133075,31.0
2024-05-19 05:36:21.332483,30.0
2024-05-19 05:36:21.545751,33.0
2024-05-19 05:36:21.769759,30.0
2024-05-19 05:36:21.975149,31.5
2024-05-19 05:36:22.178950,31.5
2024-05-19 05:36:22.383887,30.5
2024-05-19 05:36:22.603557,33.5
2024-05-19 05:36:22.803615,28.0
2024-05-19 05:36:23.110246,29.0
2024-05-19 05:36:23.419977,28.5
2024-05-19 05:36:23.658900,26.5
2024-05-19 05:36:24.087891,40.0
2024-05-19 05:36:24.307894,48.0
2024-05-19 05:36:24.535305,48.5
2024-05-19 05:36:26.475968,11.4375
2024-05-19 05:36:26.911171,16.0
2024-05-19 05:36:27.219896,50.0
2024-05-19 05:36:27.423168,45.5
2024-05-19 05:36:27.633129,47.5
2024-05-19 05:36:28.068450,48.75
2024-05-19 05:36:28.285944,47.5
2024-05-19 05:36:28.501924,50.0
2024-05-19 05:36:29.200522,27.5
2024-05-19 05:36:29.406119,36.5
2024-05-19 05:36:29.895912,48.75
2024-05-19 05:36:31.617967,5.5625
2024-05-19 05:36:31.911886,39.5
2024-05-19 05:36:32.146786,50.0
2024-05-19 05:36:32.363949,48.0
2024-05-19 05:36:32.795891,48.75
2024-05-19 05:36:33.017105,47.5
2024-05-19 05:36:33.221014,48.0
2024-05-19 05:36:33.660546,49.25
2024-05-19 05:36:33.863902,48.5
2024-05-19 05:36:35.981178,9.277777777777779
2024-05-19 05:36:36.197424,24.0
2024-05-19 05:36:36.655903,48.75
2024-05-19 05:36:36.858147,45.0
2024-05-19 05:36:37.067892,47.5
2024-05-19 05:36:37.488988,48.75
2024-05-19 05:36:37.778952,34.5
2024-05-19 05:36:38.027534,43.5
2024-05-19 05:36:40.028533,13.88888888888889
2024-05-19 05:36:40.244949,22.5
2024-05-19 05:36:40.731910,36.25
2024-05-19 05:36:40.987203,50.0
2024-05-19 05:36:41.199925,46.0
2024-05-19 05:36:41.623905,49.0
2024-05-19 05:36:41.842273,48.0
2024-05-19 05:36:42.049212,47.0
2024-05-19 05:36:42.479900,48.75
2024-05-19 05:36:42.691925,47.0
2024-05-19 05:36:43.127901,49.0
2024-05-19 05:36:43.339909,50.0
2024-05-19 05:36:43.663921,47.5
2024-05-19 05:36:43.922615,46.5
2024-05-19 05:36:44.359898,49.25
2024-05-19 05:36:44.581218,47.5
2024-05-19 05:36:45.003903,48.75
2024-05-19 05:36:45.219958,49.0
2024-05-19 05:36:45.413952,47.5
2024-05-19 05:36:46.283966,48.25
2024-05-19 05:36:47.862955,2.75
2024-05-19 05:36:48.085893,33.0
2024-05-19 05:36:48.301956,39.0
2024-05-19 05:36:48.503886,42.5
2024-05-19 05:36:48.735778,43.0
2024-05-19 05:36:48.940959,39.5
2024-05-19 05:36:49.153733,41.0
2024-05-19 05:36:49.504306,42.0
2024-05-19 05:36:49.697956,12.0
2024-05-19 05:36:49.898118,41.5
2024-05-19 05:36:50.134948,42.0
2024-05-19 05:36:50.359925,41.0
2024-05-19 05:36:50.582754,43.5
2024-05-19 05:36:50.800955,43.0
2024-05-19 05:36:50.996655,37.0
2024-05-19 05:36:51.197589,43.0
2024-05-19 05:36:51.403894,44.5
2024-05-19 05:36:51.635449,43.5
2024-05-19 05:36:51.841978,39.0
2024-05-19 05:36:52.058962,41.0
2024-05-19 05:36:52.407891,41.5
2024-05-19 05:36:52.605151,15.5
2024-05-19 05:36:52.819893,31.5
2024-05-19 05:36:53.020948,42.0
2024-05-19 05:36:53.227911,40.0
2024-05-19 05:36:53.435816,38.0
2024-05-19 05:36:53.659886,43.0
2024-05-19 05:36:53.875909,42.5
2024-05-19 05:36:54.087893,41.5
2024-05-19 05:36:54.299891,40.5
2024-05-19 05:36:54.529116,46.0
2024-05-19 05:36:54.747894,38.5
2024-05-19 05:36:54.963896,42.0
2024-05-19 05:36:55.212983,42.0
2024-05-19 05:36:55.431917,21.0
2024-05-19 05:36:55.687374,24.5
2024-05-19 05:36:55.906435,29.5
2024-05-19 05:36:56.118232,44.5
2024-05-19 05:36:56.338681,38.5
2024-05-19 05:36:56.557203,42.0
2024-05-19 05:36:56.773305,43.5
2024-05-19 05:36:57.002251,49.0
2024-05-19 05:36:57.631915,1.5
2024-05-19 05:36:57.835096,16.0
2024-05-19 05:36:58.040957,26.0
2024-05-19 05:36:58.371920,9.0
2024-05-19 05:36:58.643559,24.0
2024-05-19 05:36:58.858481,16.5
2024-05-19 05:36:59.102950,25.5
2024-05-19 05:36:59.319895,26.5
2024-05-19 05:36:59.541894,25.0
2024-05-19 05:36:59.766958,26.5
2024-05-19 05:36:59.986977,28.0
2024-05-19 05:37:00.199902,25.5
2024-05-19 05:37:00.422952,26.0
2024-05-19 05:37:00.647713,27.0
2024-05-19 05:37:00.864938,25.0
2024-05-19 05:37:01.206949,26.5
2024-05-19 05:37:01.410957,7.5
2024-05-19 05:37:01.646860,22.5
2024-05-19 05:37:01.871922,19.5
2024-05-19 05:37:02.070989,25.5
2024-05-19 05:37:02.275932,27.5
2024-05-19 05:37:02.495891,27.5
2024-05-19 05:37:02.733020,28.0
2024-05-19 05:37:02.949830,26.0
2024-05-19 05:37:03.172959,29.5
2024-05-19 05:37:03.407889,27.5
2024-05-19 05:37:03.639990,25.5
2024-05-19 05:37:03.862199,26.0
2024-05-19 05:37:04.214349,20.5
2024-05-19 05:37:04.619914,15.5
2024-05-19 05:37:04.843089,24.5
2024-05-19 05:37:05.052139,25.0
2024-05-19 05:37:05.251327,27.5
2024-05-19 05:37:05.460719,27.0
2024-05-19 05:37:05.663907,26.5
2024-05-19 05:37:05.886978,25.0
2024-05-19 05:37:06.103888,28.0
2024-05-19 05:37:06.324972,40.0
2024-05-19 05:37:06.735939,2.5
2024-05-19 05:37:07.097942,26.5
2024-05-19 05:37:07.293954,8.0
2024-05-19 05:37:07.527896,21.0
2024-05-19 05:37:07.741950,25.0
2024-05-19 05:37:07.948463,27.5
2024-05-19 05:37:08.168136,28.0
2024-05-19 05:37:08.375887,26.0
2024-05-19 05:37:08.579922,27.5
2024-05-19 05:37:08.793954,25.0
2024-05-19 05:37:09.015928,25.5
2024-05-19 05:37:09.241934,24.5
2024-05-19 05:37:09.468677,26.0
2024-05-19 05:37:09.698397,24.0
2024-05-19 05:37:10.064128,26.0
2024-05-19 05:37:10.239111,6.0
2024-05-19 05:37:10.453945,25.5
2024-05-19 05:37:10.675920,20.0
2024-05-19 05:37:10.895937,25.5
2024-05-19 05:37:11.114955,29.0
2024-05-19 05:37:11.339913,26.0
2024-05-19 05:37:11.568959,28.0
2024-05-19 05:37:11.801397,25.5
2024-05-19 05:37:12.012957,24.5
2024-05-19 05:37:12.223897,26.5
2024-05-19 05:37:12.443892,25.0
2024-05-19 05:37:12.663894,26.5
2024-05-19 05:37:13.045988,20.0
2024-05-19 05:37:13.433956,17.0
2024-05-19 05:37:13.667894,24.0
2024-05-19 05:37:13.896767,25.5
2024-05-19 05:37:14.127891,24.0
2024-05-19 05:37:14.339887,28.5
2024-05-19 05:37:14.580950,32.0
