step_count,timestamp,status,num_scheduled_reqs,num_req_of_256,num_req_of_512,num_req_of_768,step_worker_time_consumption
2,2024-05-19 01:35:40.792138,RequestStatus.EMPTY,0,0,0,0,None
3,2024-05-19 01:35:41.334183,RequestStatus.PREPARE,1,0,1,0,0.41649794578552246
4,2024-05-19 01:35:41.790103,RequestStatus.DENOISING,1,0,1,0,0.5375032424926758
5,2024-05-19 01:35:41.838054,RequestStatus.DENOISING,1,0,1,0,0.048447608947753906
6,2024-05-19 01:35:41.964894,RequestStatus.DENOISING,1,0,1,0,0.06977128982543945
7,2024-05-19 01:35:41.983548,RequestStatus.DENOISING,1,0,1,0,0.06957602500915527
8,2024-05-19 01:35:42.032251,RequestStatus.DENOISING,1,0,1,0,0.04178905487060547
9,2024-05-19 01:35:42.504680,RequestStatus.DENOISING,1,0,1,0,0.11483120918273926
10,2024-05-19 01:35:42.826593,RequestStatus.DENOISING,2,0,2,0,0.22236132621765137
11,2024-05-19 01:35:42.833836,RequestStatus.DENOISING,2,0,2,0,0.07761716842651367
12,2024-05-19 01:35:42.887718,RequestStatus.DENOISING,2,0,2,0,0.05385088920593262
13,2024-05-19 01:35:43.025961,RequestStatus.DENOISING,2,0,2,0,0.05150246620178223
14,2024-05-19 01:35:43.032410,RequestStatus.DENOISING,2,0,2,0,0.07553505897521973
15,2024-05-19 01:35:43.091960,RequestStatus.DENOISING,2,0,2,0,0.05388164520263672
16,2024-05-19 01:35:43.823887,RequestStatus.DENOISING,2,0,2,0,0.22223997116088867
17,2024-05-19 01:35:44.032471,RequestStatus.DENOISING,3,0,3,0,0.22878694534301758
18,2024-05-19 01:35:44.086661,RequestStatus.DENOISING,3,0,3,0,0.07269978523254395
19,2024-05-19 01:35:44.949207,RequestStatus.DENOISING,3,0,3,0,0.12379574775695801
20,2024-05-19 01:35:45.649416,RequestStatus.DENOISING,4,1,3,0,0.5238838195800781
21,2024-05-19 01:35:46.148811,RequestStatus.DENOISING,6,1,4,1,0.29850029945373535
22,2024-05-19 01:35:46.467790,RequestStatus.DENOISING,6,1,4,1,0.28954052925109863
23,2024-05-19 01:35:47.001296,RequestStatus.DENOISING,6,1,4,1,0.3201785087585449
24,2024-05-19 01:35:47.612367,RequestStatus.DENOISING,7,1,5,1,0.6033432483673096
25,2024-05-19 01:35:47.960970,RequestStatus.DENOISING,8,2,5,1,0.3433840274810791
26,2024-05-19 01:35:48.177315,RequestStatus.DENOISING,8,2,5,1,0.20766949653625488
27,2024-05-19 01:35:49.188008,RequestStatus.DENOISING,8,2,5,1,0.2912404537200928
28,2024-05-19 01:35:49.656073,RequestStatus.DENOISING,10,3,5,2,0.4523928165435791
29,2024-05-19 01:35:49.931991,RequestStatus.DENOISING,10,3,5,2,0.27318716049194336
30,2024-05-19 01:35:50.588638,RequestStatus.DENOISING,10,3,5,2,0.3774731159210205
31,2024-05-19 01:35:50.810812,RequestStatus.DENOISING,10,3,5,2,0.2659616470336914
32,2024-05-19 01:35:51.082104,RequestStatus.DENOISING,10,3,5,2,0.2699258327484131
33,2024-05-19 01:35:51.444697,RequestStatus.DENOISING,10,3,5,2,0.2779412269592285
34,2024-05-19 01:35:51.649113,RequestStatus.DENOISING,10,3,5,2,0.2786729335784912
35,2024-05-19 01:35:52.016129,RequestStatus.DENOISING,10,3,5,2,0.3657827377319336
36,2024-05-19 01:35:52.385182,RequestStatus.DENOISING,10,3,5,2,0.3033766746520996
37,2024-05-19 01:35:52.595770,RequestStatus.DENOISING,10,3,5,2,0.2676715850830078
38,2024-05-19 01:35:52.868623,RequestStatus.DENOISING,10,3,5,2,0.27298879623413086
39,2024-05-19 01:35:53.222704,RequestStatus.DENOISING,10,3,5,2,0.27471423149108887
40,2024-05-19 01:35:53.453297,RequestStatus.DENOISING,10,3,5,2,0.2658874988555908
41,2024-05-19 01:35:53.701323,RequestStatus.DENOISING,10,3,5,2,0.2684049606323242
42,2024-05-19 01:35:54.092010,RequestStatus.DENOISING,10,3,5,2,0.28414392471313477
43,2024-05-19 01:35:54.315808,RequestStatus.DENOISING,10,3,5,2,0.29291224479675293
44,2024-05-19 01:35:54.557357,RequestStatus.DENOISING,10,3,5,2,0.2730600833892822
45,2024-05-19 01:35:55.352219,RequestStatus.DENOISING,10,3,5,2,0.5190117359161377
46,2024-05-19 01:35:55.591255,RequestStatus.DENOISING,10,3,5,2,0.262803316116333
47,2024-05-19 01:35:56.032963,RequestStatus.DENOISING,10,3,5,2,0.2847604751586914
48,2024-05-19 01:35:56.779499,RequestStatus.DENOISING,10,3,5,2,0.36255598068237305
49,2024-05-19 01:35:57.127487,RequestStatus.DENOISING,10,3,5,2,0.2747039794921875
50,2024-05-19 01:35:58.225112,RequestStatus.DENOISING,10,3,5,2,0.3672816753387451
51,2024-05-19 01:35:58.739954,RequestStatus.DENOISING,10,3,5,2,0.36133742332458496
52,2024-05-19 01:35:59.159988,RequestStatus.DENOISING,10,3,5,2,0.2805511951446533
53,2024-05-19 01:35:59.941497,RequestStatus.DENOISING,10,3,5,2,0.3708653450012207
54,2024-05-19 01:36:00.305342,RequestStatus.DENOISING,10,3,5,2,0.2750356197357178
55,2024-05-19 01:36:00.360210,RequestStatus.POSTPROCESSING,1,0,1,0,0.12476825714111328
56,2024-05-19 01:36:01.048834,RequestStatus.DENOISING,9,3,4,2,0.6839385032653809
57,2024-05-19 01:36:01.378218,RequestStatus.DENOISING,9,3,4,2,0.268967866897583
58,2024-05-19 01:36:01.603317,RequestStatus.DENOISING,9,3,4,2,0.24428462982177734
59,2024-05-19 01:36:01.826198,RequestStatus.DENOISING,9,3,4,2,0.2536914348602295
60,2024-05-19 01:36:02.399957,RequestStatus.DENOISING,9,3,4,2,0.3326997756958008
61,2024-05-19 01:36:02.731953,RequestStatus.DENOISING,9,3,4,2,0.26055169105529785
62,2024-05-19 01:36:02.746193,RequestStatus.POSTPROCESSING,1,0,1,0,0.05296015739440918
63,2024-05-19 01:36:03.685705,RequestStatus.DENOISING,8,3,3,2,0.843738317489624
64,2024-05-19 01:36:04.077143,RequestStatus.DENOISING,8,3,3,2,0.2821652889251709
65,2024-05-19 01:36:04.334582,RequestStatus.DENOISING,8,3,3,2,0.23648834228515625
66,2024-05-19 01:36:04.827187,RequestStatus.DENOISING,8,3,3,2,0.343233585357666
67,2024-05-19 01:36:05.054155,RequestStatus.DENOISING,8,3,3,2,0.21790194511413574
68,2024-05-19 01:36:05.286385,RequestStatus.DENOISING,8,3,3,2,0.23034977912902832
69,2024-05-19 01:36:05.528493,RequestStatus.DENOISING,8,3,3,2,0.23989653587341309
70,2024-05-19 01:36:05.829726,RequestStatus.POSTPROCESSING,1,0,1,0,0.11381244659423828
71,2024-05-19 01:36:06.404386,RequestStatus.DENOISING,7,3,2,2,0.4869351387023926
72,2024-05-19 01:36:06.644190,RequestStatus.DENOISING,7,3,2,2,0.3116786479949951
73,2024-05-19 01:36:07.173431,RequestStatus.DENOISING,7,3,2,2,0.3499460220336914
74,2024-05-19 01:36:07.346895,RequestStatus.POSTPROCESSING,1,1,0,0,0.04954719543457031
75,2024-05-19 01:36:07.608060,RequestStatus.DENOISING,6,2,2,2,0.37480759620666504
76,2024-05-19 01:36:07.664607,RequestStatus.POSTPROCESSING,1,0,1,0,0.04826021194458008
77,2024-05-19 01:36:07.967022,RequestStatus.POSTPROCESSING,1,0,0,1,0.294358491897583
78,2024-05-19 01:36:08.679675,RequestStatus.DENOISING,4,2,1,1,0.605330228805542
79,2024-05-19 01:36:09.134108,RequestStatus.DENOISING,4,2,1,1,0.22284221649169922
80,2024-05-19 01:36:10.152803,RequestStatus.DENOISING,4,2,1,1,0.4183504581451416
81,2024-05-19 01:36:10.353819,RequestStatus.POSTPROCESSING,1,0,1,0,0.05273604393005371
82,2024-05-19 01:36:11.122869,RequestStatus.DENOISING,3,2,0,1,0.7113316059112549
83,2024-05-19 01:36:11.586364,RequestStatus.POSTPROCESSING,1,1,0,0,0.02172255516052246
84,2024-05-19 01:36:11.856844,RequestStatus.DENOISING,2,1,0,1,0.3166465759277344
85,2024-05-19 01:36:12.627916,RequestStatus.DENOISING,2,1,0,1,0.2693510055541992
86,2024-05-19 01:36:13.334601,RequestStatus.DENOISING,2,1,0,1,0.18834686279296875
87,2024-05-19 01:36:13.360098,RequestStatus.POSTPROCESSING,1,1,0,0,0.0202178955078125
88,2024-05-19 01:36:13.523800,RequestStatus.POSTPROCESSING,1,0,0,1,0.15265226364135742
89,2024-05-19 01:36:13.842601,RequestStatus.DENOISING,1,0,1,0,0.2877919673919678
90,2024-05-19 01:36:13.882645,RequestStatus.DENOISING,1,0,1,0,0.06903362274169922
91,2024-05-19 01:36:13.932871,RequestStatus.DENOISING,1,0,1,0,0.04752922058105469
92,2024-05-19 01:36:14.063666,RequestStatus.DENOISING,1,0,1,0,0.07612943649291992
93,2024-05-19 01:36:14.091728,RequestStatus.DENOISING,1,0,1,0,0.06714344024658203
94,2024-05-19 01:36:14.140818,RequestStatus.DENOISING,1,0,1,0,0.04625701904296875
95,2024-05-19 01:36:14.276083,RequestStatus.DENOISING,1,0,1,0,0.07086801528930664
96,2024-05-19 01:36:14.294964,RequestStatus.DENOISING,1,0,1,0,0.0755610466003418
97,2024-05-19 01:36:14.354613,RequestStatus.DENOISING,1,0,1,0,0.05684947967529297
98,2024-05-19 01:36:14.489393,RequestStatus.DENOISING,1,0,1,0,0.07461071014404297
99,2024-05-19 01:36:14.511404,RequestStatus.DENOISING,1,0,1,0,0.07731986045837402
100,2024-05-19 01:36:14.563533,RequestStatus.DENOISING,1,0,1,0,0.0504457950592041
101,2024-05-19 01:36:14.695903,RequestStatus.DENOISING,1,0,1,0,0.06895041465759277
102,2024-05-19 01:36:14.714736,RequestStatus.DENOISING,1,0,1,0,0.07618927955627441
103,2024-05-19 01:36:14.765698,RequestStatus.DENOISING,1,0,1,0,0.04820704460144043
104,2024-05-19 01:36:14.906785,RequestStatus.DENOISING,1,0,1,0,0.06612443923950195
105,2024-05-19 01:36:15.104696,RequestStatus.DENOISING,1,0,1,0,0.17815017700195312
106,2024-05-19 01:36:15.111616,RequestStatus.DENOISING,1,0,1,0,0.06938934326171875
107,2024-05-19 01:36:15.170477,RequestStatus.DENOISING,1,0,1,0,0.05782055854797363
108,2024-05-19 01:36:15.364781,RequestStatus.DENOISING,1,0,1,0,0.060529470443725586
109,2024-05-19 01:36:15.372126,RequestStatus.DENOISING,1,0,1,0,0.12211370468139648
110,2024-05-19 01:36:15.424746,RequestStatus.DENOISING,1,0,1,0,0.05199456214904785
111,2024-05-19 01:36:15.574925,RequestStatus.DENOISING,1,0,1,0,0.055185794830322266
112,2024-05-19 01:36:15.583053,RequestStatus.DENOISING,1,0,1,0,0.0842287540435791
113,2024-05-19 01:36:15.633303,RequestStatus.DENOISING,1,0,1,0,0.050275325775146484
114,2024-05-19 01:36:15.774682,RequestStatus.DENOISING,1,0,1,0,0.04709911346435547
115,2024-05-19 01:36:15.782130,RequestStatus.DENOISING,1,0,1,0,0.07827258110046387
116,2024-05-19 01:36:15.835457,RequestStatus.DENOISING,1,0,1,0,0.05295586585998535
117,2024-05-19 01:36:15.977693,RequestStatus.DENOISING,1,0,1,0,0.05213356018066406
118,2024-05-19 01:36:15.987127,RequestStatus.DENOISING,1,0,1,0,0.07318973541259766
119,2024-05-19 01:36:16.037142,RequestStatus.DENOISING,1,0,1,0,0.05164384841918945
120,2024-05-19 01:36:16.184367,RequestStatus.DENOISING,1,0,1,0,0.052762746810913086
121,2024-05-19 01:36:16.193065,RequestStatus.DENOISING,1,0,1,0,0.07858657836914062
122,2024-05-19 01:36:16.242418,RequestStatus.DENOISING,1,0,1,0,0.05030965805053711
123,2024-05-19 01:36:16.385854,RequestStatus.DENOISING,1,0,1,0,0.04780411720275879
124,2024-05-19 01:36:16.394086,RequestStatus.DENOISING,1,0,1,0,0.08031296730041504
125,2024-05-19 01:36:16.444425,RequestStatus.DENOISING,1,0,1,0,0.05071878433227539
126,2024-05-19 01:36:16.596232,RequestStatus.DENOISING,1,0,1,0,0.0552825927734375
127,2024-05-19 01:36:16.606065,RequestStatus.DENOISING,1,0,1,0,0.08991098403930664
128,2024-05-19 01:36:16.654564,RequestStatus.DENOISING,1,0,1,0,0.05024361610412598
129,2024-05-19 01:36:16.795526,RequestStatus.DENOISING,1,0,1,0,0.05246162414550781
130,2024-05-19 01:36:16.808025,RequestStatus.DENOISING,1,0,1,0,0.06806373596191406
131,2024-05-19 01:36:16.855474,RequestStatus.DENOISING,1,0,1,0,0.05207061767578125
132,2024-05-19 01:36:16.996793,RequestStatus.DENOISING,1,0,1,0,0.048726797103881836
133,2024-05-19 01:36:17.004010,RequestStatus.DENOISING,1,0,1,0,0.07751822471618652
134,2024-05-19 01:36:17.055368,RequestStatus.DENOISING,1,0,1,0,0.0507354736328125
135,2024-05-19 01:36:17.199122,RequestStatus.DENOISING,1,0,1,0,0.048282623291015625
136,2024-05-19 01:36:17.208713,RequestStatus.DENOISING,1,0,1,0,0.08365654945373535
137,2024-05-19 01:36:17.257329,RequestStatus.DENOISING,1,0,1,0,0.05037808418273926
138,2024-05-19 01:36:17.397187,RequestStatus.DENOISING,1,0,1,0,0.0527498722076416
139,2024-05-19 01:36:17.408023,RequestStatus.DENOISING,1,0,1,0,0.07037091255187988
140,2024-05-19 01:36:17.458952,RequestStatus.POSTPROCESSING,1,0,1,0,0.042376041412353516
141,2024-05-19 01:36:17.698810,RequestStatus.DENOISING,1,0,1,0,0.1938779354095459
142,2024-05-19 01:36:17.723119,RequestStatus.DENOISING,1,0,1,0,0.06835293769836426
143,2024-05-19 01:36:17.776519,RequestStatus.DENOISING,1,0,1,0,0.049607276916503906
144,2024-05-19 01:36:17.986718,RequestStatus.DENOISING,1,0,1,0,0.18010759353637695
145,2024-05-19 01:36:18.035508,RequestStatus.DENOISING,1,0,1,0,0.07403206825256348
146,2024-05-19 01:36:18.224032,RequestStatus.DENOISING,1,0,1,0,0.048026084899902344
147,2024-05-19 01:36:18.231854,RequestStatus.DENOISING,1,0,1,0,0.12863874435424805
148,2024-05-19 01:36:18.282380,RequestStatus.DENOISING,1,0,1,0,0.05050086975097656
149,2024-05-19 01:36:18.421899,RequestStatus.DENOISING,1,0,1,0,0.053582191467285156
150,2024-05-19 01:36:18.428941,RequestStatus.DENOISING,1,0,1,0,0.07741332054138184
151,2024-05-19 01:36:18.479212,RequestStatus.DENOISING,1,0,1,0,0.04961562156677246
152,2024-05-19 01:36:18.629018,RequestStatus.DENOISING,1,0,1,0,0.04961705207824707
153,2024-05-19 01:36:18.636357,RequestStatus.DENOISING,1,0,1,0,0.08266186714172363
154,2024-05-19 01:36:18.684344,RequestStatus.DENOISING,1,0,1,0,0.04719805717468262
155,2024-05-19 01:36:18.830321,RequestStatus.DENOISING,1,0,1,0,0.05378246307373047
156,2024-05-19 01:36:18.837382,RequestStatus.DENOISING,1,0,1,0,0.0812978744506836
157,2024-05-19 01:36:18.885081,RequestStatus.DENOISING,1,0,1,0,0.046957969665527344
158,2024-05-19 01:36:19.030716,RequestStatus.DENOISING,1,0,1,0,0.0538175106048584
159,2024-05-19 01:36:19.042085,RequestStatus.DENOISING,1,0,1,0,0.07884478569030762
160,2024-05-19 01:36:19.091959,RequestStatus.DENOISING,1,0,1,0,0.04742836952209473
161,2024-05-19 01:36:19.586980,RequestStatus.DENOISING,1,0,1,0,0.1253647804260254
162,2024-05-19 01:36:19.720879,RequestStatus.DENOISING,1,0,1,0,0.08336949348449707
163,2024-05-19 01:36:19.749991,RequestStatus.DENOISING,1,0,1,0,0.06605052947998047
164,2024-05-19 01:36:19.802508,RequestStatus.DENOISING,1,0,1,0,0.04882979393005371
165,2024-05-19 01:36:19.935979,RequestStatus.DENOISING,1,0,1,0,0.07650566101074219
166,2024-05-19 01:36:19.959842,RequestStatus.DENOISING,1,0,1,0,0.07500386238098145
167,2024-05-19 01:36:20.009476,RequestStatus.DENOISING,1,0,1,0,0.0478823184967041
168,2024-05-19 01:36:20.153734,RequestStatus.DENOISING,1,0,1,0,0.06928730010986328
169,2024-05-19 01:36:20.164189,RequestStatus.DENOISING,1,0,1,0,0.07855033874511719
170,2024-05-19 01:36:20.213171,RequestStatus.DENOISING,1,0,1,0,0.04497170448303223
171,2024-05-19 01:36:20.360727,RequestStatus.DENOISING,1,0,1,0,0.05449819564819336
172,2024-05-19 01:36:20.372029,RequestStatus.DENOISING,1,0,1,0,0.08575963973999023
173,2024-05-19 01:36:20.416800,RequestStatus.DENOISING,1,0,1,0,0.048171043395996094
174,2024-05-19 01:36:20.567943,RequestStatus.DENOISING,1,0,1,0,0.05746579170227051
175,2024-05-19 01:36:20.582191,RequestStatus.DENOISING,1,0,1,0,0.07668137550354004
176,2024-05-19 01:36:20.626220,RequestStatus.DENOISING,1,0,1,0,0.04723620414733887
177,2024-05-19 01:36:20.872148,RequestStatus.DENOISING,1,0,1,0,0.16091513633728027
178,2024-05-19 01:36:20.882139,RequestStatus.DENOISING,1,0,1,0,0.07584524154663086
179,2024-05-19 01:36:20.937521,RequestStatus.DENOISING,1,0,1,0,0.05748271942138672
180,2024-05-19 01:36:21.119281,RequestStatus.DENOISING,1,0,1,0,0.08730292320251465
181,2024-05-19 01:36:21.130951,RequestStatus.DENOISING,1,0,1,0,0.07146167755126953
182,2024-05-19 01:36:21.177517,RequestStatus.DENOISING,1,0,1,0,0.05034995079040527
183,2024-05-19 01:36:21.331357,RequestStatus.DENOISING,1,0,1,0,0.05341958999633789
184,2024-05-19 01:36:21.338512,RequestStatus.DENOISING,1,0,1,0,0.0607607364654541
185,2024-05-19 01:36:21.396014,RequestStatus.DENOISING,1,0,1,0,0.05056595802307129
186,2024-05-19 01:36:21.883141,RequestStatus.DENOISING,1,0,1,0,0.12787914276123047
187,2024-05-19 01:36:22.027128,RequestStatus.DENOISING,1,0,1,0,0.07776618003845215
188,2024-05-19 01:36:22.474765,RequestStatus.DENOISING,1,0,1,0,0.12383675575256348
189,2024-05-19 01:36:22.530354,RequestStatus.DENOISING,1,0,1,0,0.05397939682006836
190,2024-05-19 01:36:22.680871,RequestStatus.DENOISING,1,0,1,0,0.0673365592956543
191,2024-05-19 01:36:22.689455,RequestStatus.DENOISING,1,0,1,0,0.06943225860595703
192,2024-05-19 01:36:22.744963,RequestStatus.POSTPROCESSING,1,0,1,0,0.04781794548034668
193,2024-05-19 01:36:23.008966,RequestStatus.DENOISING,1,0,1,0,0.20934367179870605
194,2024-05-19 01:36:23.033546,RequestStatus.DENOISING,1,0,1,0,0.06965279579162598
195,2024-05-19 01:36:23.082435,RequestStatus.DENOISING,1,0,1,0,0.04621148109436035
196,2024-05-19 01:36:23.221189,RequestStatus.DENOISING,1,0,1,0,0.0683906078338623
197,2024-05-19 01:36:23.236452,RequestStatus.DENOISING,1,0,1,0,0.07828021049499512
198,2024-05-19 01:36:23.285304,RequestStatus.DENOISING,1,0,1,0,0.04615592956542969
199,2024-05-19 01:36:23.441806,RequestStatus.DENOISING,1,0,1,0,0.0638742446899414
200,2024-05-19 01:36:23.449052,RequestStatus.DENOISING,1,0,1,0,0.08438897132873535
201,2024-05-19 01:36:23.503057,RequestStatus.DENOISING,1,0,1,0,0.04973459243774414
202,2024-05-19 01:36:24.238051,RequestStatus.DENOISING,1,0,1,0,0.23888421058654785
203,2024-05-19 01:36:24.246079,RequestStatus.DENOISING,1,0,1,0,0.08598685264587402
204,2024-05-19 01:36:24.296395,RequestStatus.DENOISING,1,0,1,0,0.05036592483520508
205,2024-05-19 01:36:24.461579,RequestStatus.DENOISING,1,0,1,0,0.07038116455078125
206,2024-05-19 01:36:24.472017,RequestStatus.DENOISING,1,0,1,0,0.08583378791809082
207,2024-05-19 01:36:24.518105,RequestStatus.DENOISING,1,0,1,0,0.048883676528930664
208,2024-05-19 01:36:24.666304,RequestStatus.DENOISING,1,0,1,0,0.048641204833984375
209,2024-05-19 01:36:24.676016,RequestStatus.DENOISING,1,0,1,0,0.08108782768249512
210,2024-05-19 01:36:24.721693,RequestStatus.DENOISING,1,0,1,0,0.04744434356689453
211,2024-05-19 01:36:24.868286,RequestStatus.DENOISING,1,0,1,0,0.05637812614440918
212,2024-05-19 01:36:24.879684,RequestStatus.DENOISING,1,0,1,0,0.07793831825256348
213,2024-05-19 01:36:24.923215,RequestStatus.DENOISING,1,0,1,0,0.04703927040100098
214,2024-05-19 01:36:25.068712,RequestStatus.DENOISING,1,0,1,0,0.05478215217590332
215,2024-05-19 01:36:25.079997,RequestStatus.DENOISING,1,0,1,0,0.0782918930053711
216,2024-05-19 01:36:25.124275,RequestStatus.DENOISING,1,0,1,0,0.04767179489135742
217,2024-05-19 01:36:25.264652,RequestStatus.DENOISING,1,0,1,0,0.0555574893951416
218,2024-05-19 01:36:25.272850,RequestStatus.DENOISING,1,0,1,0,0.07102060317993164
219,2024-05-19 01:36:25.321215,RequestStatus.DENOISING,1,0,1,0,0.04882216453552246
220,2024-05-19 01:36:25.468232,RequestStatus.DENOISING,1,0,1,0,0.053853511810302734
221,2024-05-19 01:36:25.475083,RequestStatus.DENOISING,1,0,1,0,0.07871508598327637
222,2024-05-19 01:36:25.527010,RequestStatus.DENOISING,1,0,1,0,0.05111527442932129
223,2024-05-19 01:36:25.674023,RequestStatus.DENOISING,1,0,1,0,0.059067726135253906
224,2024-05-19 01:36:25.683995,RequestStatus.DENOISING,1,0,1,0,0.07633137702941895
225,2024-05-19 01:36:25.729347,RequestStatus.DENOISING,1,0,1,0,0.047380924224853516
226,2024-05-19 01:36:25.879235,RequestStatus.DENOISING,1,0,1,0,0.05603957176208496
227,2024-05-19 01:36:25.889051,RequestStatus.DENOISING,1,0,1,0,0.07569718360900879
228,2024-05-19 01:36:25.936045,RequestStatus.DENOISING,1,0,1,0,0.04911637306213379
229,2024-05-19 01:36:26.081736,RequestStatus.DENOISING,1,0,1,0,0.05614948272705078
230,2024-05-19 01:36:26.091994,RequestStatus.DENOISING,1,0,1,0,0.0798940658569336
231,2024-05-19 01:36:26.136812,RequestStatus.DENOISING,1,0,1,0,0.047226667404174805
232,2024-05-19 01:36:26.285140,RequestStatus.DENOISING,1,0,1,0,0.05097055435180664
233,2024-05-19 01:36:26.292448,RequestStatus.DENOISING,1,0,1,0,0.07493734359741211
234,2024-05-19 01:36:26.342212,RequestStatus.DENOISING,1,0,1,0,0.0491030216217041
235,2024-05-19 01:36:26.575297,RequestStatus.DENOISING,1,0,1,0,0.05486869812011719
236,2024-05-19 01:36:26.593053,RequestStatus.DENOISING,1,0,1,0,0.19060325622558594
237,2024-05-19 01:36:26.641938,RequestStatus.DENOISING,1,0,1,0,0.044104576110839844
238,2024-05-19 01:36:26.805092,RequestStatus.DENOISING,1,0,1,0,0.08150196075439453
239,2024-05-19 01:36:26.833598,RequestStatus.DENOISING,1,0,1,0,0.10209894180297852
240,2024-05-19 01:36:26.883342,RequestStatus.DENOISING,1,0,1,0,0.046961069107055664
241,2024-05-19 01:36:27.017127,RequestStatus.DENOISING,1,0,1,0,0.07281088829040527
242,2024-05-19 01:36:27.039844,RequestStatus.DENOISING,1,0,1,0,0.0773305892944336
243,2024-05-19 01:36:27.093164,RequestStatus.DENOISING,1,0,1,0,0.04704570770263672
244,2024-05-19 01:36:27.564322,RequestStatus.POSTPROCESSING,1,0,1,0,0.07524585723876953
245,2024-05-19 01:36:27.808068,RequestStatus.DENOISING,3,2,0,1,0.24202823638916016
246,2024-05-19 01:36:28.001437,RequestStatus.DENOISING,3,2,0,1,0.09334468841552734
247,2024-05-19 01:36:28.037572,RequestStatus.DENOISING,3,2,0,1,0.1341993808746338
248,2024-05-19 01:36:28.219758,RequestStatus.DENOISING,3,2,0,1,0.09276509284973145
249,2024-05-19 01:36:28.257280,RequestStatus.DENOISING,3,2,0,1,0.11742663383483887
250,2024-05-19 01:36:28.440788,RequestStatus.DENOISING,3,2,0,1,0.10015368461608887
251,2024-05-19 01:36:28.482779,RequestStatus.DENOISING,3,2,0,1,0.12068986892700195
252,2024-05-19 01:36:28.666042,RequestStatus.DENOISING,3,2,0,1,0.10605573654174805
253,2024-05-19 01:36:28.711918,RequestStatus.DENOISING,3,2,0,1,0.1145017147064209
254,2024-05-19 01:36:28.898798,RequestStatus.DENOISING,3,2,0,1,0.10852456092834473
255,2024-05-19 01:36:28.943653,RequestStatus.DENOISING,3,2,0,1,0.11648201942443848
256,2024-05-19 01:36:29.141953,RequestStatus.DENOISING,3,2,0,1,0.09960174560546875
257,2024-05-19 01:36:29.873989,RequestStatus.DENOISING,3,2,0,1,0.18724370002746582
258,2024-05-19 01:36:29.895420,RequestStatus.DENOISING,3,2,0,1,0.14110612869262695
259,2024-05-19 01:36:30.100581,RequestStatus.DENOISING,3,2,0,1,0.08709883689880371
260,2024-05-19 01:36:30.119485,RequestStatus.DENOISING,3,2,0,1,0.12891387939453125
261,2024-05-19 01:36:30.322979,RequestStatus.DENOISING,3,2,0,1,0.09112882614135742
262,2024-05-19 01:36:30.347139,RequestStatus.DENOISING,3,2,0,1,0.12956690788269043
263,2024-05-19 01:36:30.545850,RequestStatus.DENOISING,3,2,0,1,0.0931081771850586
264,2024-05-19 01:36:30.579278,RequestStatus.DENOISING,3,2,0,1,0.1361522674560547
265,2024-05-19 01:36:30.740731,RequestStatus.DENOISING,3,2,0,1,0.10346651077270508
266,2024-05-19 01:36:30.801505,RequestStatus.DENOISING,3,2,0,1,0.1103353500366211
267,2024-05-19 01:36:30.965191,RequestStatus.DENOISING,3,2,0,1,0.11783003807067871
268,2024-05-19 01:36:31.028620,RequestStatus.DENOISING,3,2,0,1,0.1044924259185791
269,2024-05-19 01:36:31.188174,RequestStatus.DENOISING,3,2,0,1,0.11904478073120117
270,2024-05-19 01:36:31.258697,RequestStatus.DENOISING,3,2,0,1,0.10019946098327637
271,2024-05-19 01:36:31.405824,RequestStatus.DENOISING,3,2,0,1,0.12694764137268066
272,2024-05-19 01:36:31.482419,RequestStatus.DENOISING,3,2,0,1,0.0917825698852539
273,2024-05-19 01:36:31.629480,RequestStatus.DENOISING,3,2,0,1,0.13554739952087402
274,2024-05-19 01:36:31.710759,RequestStatus.DENOISING,3,2,0,1,0.08801960945129395
275,2024-05-19 01:36:31.852416,RequestStatus.DENOISING,3,2,0,1,0.13561630249023438
276,2024-05-19 01:36:31.941021,RequestStatus.DENOISING,3,2,0,1,0.08875226974487305
277,2024-05-19 01:36:32.084082,RequestStatus.DENOISING,3,2,0,1,0.1385059356689453
278,2024-05-19 01:36:32.367798,RequestStatus.DENOISING,3,2,0,1,0.09712839126586914
279,2024-05-19 01:36:32.406757,RequestStatus.DENOISING,3,2,0,1,0.22262048721313477
280,2024-05-19 01:36:32.614390,RequestStatus.DENOISING,3,2,0,1,0.16103768348693848
281,2024-05-19 01:36:32.686274,RequestStatus.DENOISING,3,2,0,1,0.10510635375976562
282,2024-05-19 01:36:32.834929,RequestStatus.DENOISING,3,2,0,1,0.12294411659240723
283,2024-05-19 01:36:32.910450,RequestStatus.DENOISING,3,2,0,1,0.09121990203857422
284,2024-05-19 01:36:33.060863,RequestStatus.DENOISING,3,2,0,1,0.1256699562072754
285,2024-05-19 01:36:33.139421,RequestStatus.DENOISING,3,2,0,1,0.0943145751953125
286,2024-05-19 01:36:33.281709,RequestStatus.DENOISING,3,2,0,1,0.1259167194366455
287,2024-05-19 01:36:33.362804,RequestStatus.DENOISING,3,2,0,1,0.09274959564208984
288,2024-05-19 01:36:33.515917,RequestStatus.DENOISING,3,2,0,1,0.1391735076904297
289,2024-05-19 01:36:33.603672,RequestStatus.DENOISING,3,2,0,1,0.09207773208618164
290,2024-05-19 01:36:33.747643,RequestStatus.DENOISING,3,2,0,1,0.132767915725708
291,2024-05-19 01:36:33.838213,RequestStatus.DENOISING,3,2,0,1,0.09554314613342285
292,2024-05-19 01:36:33.998971,RequestStatus.DENOISING,3,2,0,1,0.11792469024658203
293,2024-05-19 01:36:34.066495,RequestStatus.DENOISING,3,2,0,1,0.10420751571655273
294,2024-05-19 01:36:34.228867,RequestStatus.DENOISING,3,2,0,1,0.12906742095947266
295,2024-05-19 01:36:34.771143,RequestStatus.DENOISING,3,2,0,1,0.1918349266052246
296,2024-05-19 01:36:35.379091,RequestStatus.POSTPROCESSING,2,2,0,0,0.1741175651550293
297,2024-05-19 01:36:35.818814,RequestStatus.DENOISING,1,0,0,1,0.29593753814697266
298,2024-05-19 01:36:35.839278,RequestStatus.DENOISING,2,1,0,1,0.1342477798461914
299,2024-05-19 01:36:36.041425,RequestStatus.DENOISING,2,1,0,1,0.08499360084533691
300,2024-05-19 01:36:36.061833,RequestStatus.DENOISING,2,1,0,1,0.13282179832458496
301,2024-05-19 01:36:36.277828,RequestStatus.DENOISING,2,1,0,1,0.08460044860839844
302,2024-05-19 01:36:36.288424,RequestStatus.DENOISING,2,1,0,1,0.13189387321472168
303,2024-05-19 01:36:36.374146,RequestStatus.DENOISING,2,1,0,1,0.08640193939208984
304,2024-05-19 01:36:36.514303,RequestStatus.DENOISING,2,1,0,1,0.13276982307434082
305,2024-05-19 01:36:36.599326,RequestStatus.DENOISING,2,1,0,1,0.08742833137512207
306,2024-05-19 01:36:36.729512,RequestStatus.DENOISING,2,1,0,1,0.12642741203308105
307,2024-05-19 01:36:36.815680,RequestStatus.DENOISING,2,1,0,1,0.08258628845214844
308,2024-05-19 01:36:36.951135,RequestStatus.DENOISING,2,1,0,1,0.1308295726776123
309,2024-05-19 01:36:37.036713,RequestStatus.DENOISING,2,1,0,1,0.08533883094787598
310,2024-05-19 01:36:37.172331,RequestStatus.DENOISING,2,1,0,1,0.13093090057373047
311,2024-05-19 01:36:37.258781,RequestStatus.DENOISING,2,1,0,1,0.0861809253692627
312,2024-05-19 01:36:37.394782,RequestStatus.DENOISING,2,1,0,1,0.1319284439086914
313,2024-05-19 01:36:37.481139,RequestStatus.DENOISING,2,1,0,1,0.08102989196777344
314,2024-05-19 01:36:37.614784,RequestStatus.DENOISING,2,1,0,1,0.12668728828430176
315,2024-05-19 01:36:37.701370,RequestStatus.DENOISING,2,1,0,1,0.07998800277709961
316,2024-05-19 01:36:37.841501,RequestStatus.DENOISING,2,1,0,1,0.13670921325683594
317,2024-05-19 01:36:37.927811,RequestStatus.DENOISING,2,1,0,1,0.08324646949768066
318,2024-05-19 01:36:38.165702,RequestStatus.DENOISING,2,1,0,1,0.23466944694519043
319,2024-05-19 01:36:38.378642,RequestStatus.DENOISING,2,1,0,1,0.09284377098083496
320,2024-05-19 01:36:38.422191,RequestStatus.DENOISING,2,1,0,1,0.1512308120727539
321,2024-05-19 01:36:38.936436,RequestStatus.DENOISING,2,1,0,1,0.20487642288208008
322,2024-05-19 01:36:39.082380,RequestStatus.DENOISING,2,1,0,1,0.1224677562713623
323,2024-05-19 01:36:39.159202,RequestStatus.DENOISING,2,1,0,1,0.0895082950592041
324,2024-05-19 01:36:39.308008,RequestStatus.DENOISING,2,1,0,1,0.11966252326965332
325,2024-05-19 01:36:39.389743,RequestStatus.DENOISING,2,1,0,1,0.10142350196838379
326,2024-05-19 01:36:39.531663,RequestStatus.DENOISING,2,1,0,1,0.1269078254699707
327,2024-05-19 01:36:39.611844,RequestStatus.DENOISING,2,1,0,1,0.08672714233398438
328,2024-05-19 01:36:39.762311,RequestStatus.DENOISING,2,1,0,1,0.1238243579864502
329,2024-05-19 01:36:39.836169,RequestStatus.DENOISING,2,1,0,1,0.09148931503295898
330,2024-05-19 01:36:39.999238,RequestStatus.DENOISING,2,1,0,1,0.13474559783935547
331,2024-05-19 01:36:40.076120,RequestStatus.DENOISING,2,1,0,1,0.0900871753692627
332,2024-05-19 01:36:40.695328,RequestStatus.DENOISING,2,1,0,1,0.19647550582885742
333,2024-05-19 01:36:40.716155,RequestStatus.POSTPROCESSING,1,0,0,1,0.13515710830688477
334,2024-05-19 01:36:41.226443,RequestStatus.DENOISING,2,1,0,1,0.5033860206604004
335,2024-05-19 01:36:41.800852,RequestStatus.DENOISING,2,1,0,1,0.26306986808776855
336,2024-05-19 01:36:42.414006,RequestStatus.DENOISING,2,1,0,1,0.20831894874572754
337,2024-05-19 01:36:42.452516,RequestStatus.DENOISING,2,1,0,1,0.12351274490356445
338,2024-05-19 01:36:42.668331,RequestStatus.DENOISING,2,1,0,1,0.10339570045471191
339,2024-05-19 01:36:43.125795,RequestStatus.DENOISING,2,1,0,1,0.18972039222717285
340,2024-05-19 01:36:43.209074,RequestStatus.DENOISING,2,1,0,1,0.08466148376464844
341,2024-05-19 01:36:43.891733,RequestStatus.DENOISING,2,1,0,1,0.19404864311218262
342,2024-05-19 01:36:44.807105,RequestStatus.DENOISING,2,1,0,1,0.30877685546875
343,2024-05-19 01:36:44.859315,RequestStatus.DENOISING,2,1,0,1,0.1144094467163086
344,2024-05-19 01:36:45.376057,RequestStatus.DENOISING,2,1,0,1,0.20035672187805176
345,2024-05-19 01:36:45.520190,RequestStatus.DENOISING,2,1,0,1,0.1251838207244873
346,2024-05-19 01:36:45.602773,RequestStatus.DENOISING,2,1,0,1,0.09117674827575684
347,2024-05-19 01:36:46.215019,RequestStatus.DENOISING,2,1,0,1,0.20050716400146484
348,2024-05-19 01:36:46.284909,RequestStatus.DENOISING,2,1,0,1,0.0991971492767334
349,2024-05-19 01:36:46.430027,RequestStatus.POSTPROCESSING,1,0,0,1,0.1289653778076172
350,2024-05-19 01:36:47.203482,RequestStatus.DENOISING,1,1,0,0,0.6627867221832275
351,2024-05-19 01:36:47.220210,RequestStatus.POSTPROCESSING,1,1,0,0,0.0179595947265625
352,2024-05-19 01:36:47.979142,RequestStatus.DENOISING,6,3,2,1,0.584181547164917
353,2024-05-19 01:36:48.201261,RequestStatus.DENOISING,6,3,2,1,0.14276766777038574
354,2024-05-19 01:36:48.274522,RequestStatus.DENOISING,6,3,2,1,0.15964937210083008
355,2024-05-19 01:36:48.452091,RequestStatus.DENOISING,6,3,2,1,0.1696336269378662
356,2024-05-19 01:36:48.638714,RequestStatus.DENOISING,6,3,2,1,0.1655409336090088
357,2024-05-19 01:36:48.901035,RequestStatus.DENOISING,6,3,2,1,0.1295933723449707
358,2024-05-19 01:36:49.352517,RequestStatus.DENOISING,6,3,2,1,0.25714707374572754
359,2024-05-19 01:36:49.564493,RequestStatus.DENOISING,6,3,2,1,0.15004682540893555
360,2024-05-19 01:36:49.652166,RequestStatus.DENOISING,6,3,2,1,0.15224623680114746
361,2024-05-19 01:36:49.927814,RequestStatus.DENOISING,6,3,2,1,0.2707865238189697
362,2024-05-19 01:36:50.160035,RequestStatus.DENOISING,6,3,2,1,0.2230837345123291
363,2024-05-19 01:36:50.820830,RequestStatus.DENOISING,6,3,2,1,0.25368404388427734
364,2024-05-19 01:36:50.901990,RequestStatus.DENOISING,6,3,2,1,0.1615581512451172
365,2024-05-19 01:36:51.071506,RequestStatus.DENOISING,6,3,2,1,0.1711432933807373
366,2024-05-19 01:36:51.256759,RequestStatus.DENOISING,6,3,2,1,0.14659619331359863
367,2024-05-19 01:36:51.478786,RequestStatus.DENOISING,6,3,2,1,0.13807368278503418
368,2024-05-19 01:36:51.534817,RequestStatus.DENOISING,6,3,2,1,0.16353464126586914
369,2024-05-19 01:36:51.710105,RequestStatus.DENOISING,6,3,2,1,0.17038559913635254
370,2024-05-19 01:36:51.922962,RequestStatus.DENOISING,6,3,2,1,0.1412346363067627
371,2024-05-19 01:36:52.007893,RequestStatus.DENOISING,6,3,2,1,0.14759612083435059
372,2024-05-19 01:36:52.174148,RequestStatus.DENOISING,6,3,2,1,0.15783166885375977
373,2024-05-19 01:36:52.345668,RequestStatus.DENOISING,6,3,2,1,0.1700758934020996
374,2024-05-19 01:36:52.547066,RequestStatus.DENOISING,6,3,2,1,0.1387333869934082
375,2024-05-19 01:36:52.789172,RequestStatus.DENOISING,6,3,2,1,0.258695125579834
376,2024-05-19 01:36:53.386388,RequestStatus.DENOISING,6,3,2,1,0.2985854148864746
377,2024-05-19 01:36:53.999724,RequestStatus.DENOISING,6,3,2,1,0.2620112895965576
378,2024-05-19 01:36:54.091880,RequestStatus.DENOISING,6,3,2,1,0.15253758430480957
379,2024-05-19 01:36:54.263099,RequestStatus.DENOISING,6,3,2,1,0.16503572463989258
380,2024-05-19 01:36:54.446353,RequestStatus.DENOISING,6,3,2,1,0.17913556098937988
381,2024-05-19 01:36:54.650763,RequestStatus.DENOISING,6,3,2,1,0.14796805381774902
382,2024-05-19 01:36:54.745736,RequestStatus.DENOISING,6,3,2,1,0.14968633651733398
383,2024-05-19 01:36:54.927167,RequestStatus.DENOISING,6,3,2,1,0.1750943660736084
384,2024-05-19 01:36:55.091974,RequestStatus.DENOISING,6,3,2,1,0.16375946998596191
385,2024-05-19 01:36:55.297375,RequestStatus.DENOISING,6,3,2,1,0.14468169212341309
386,2024-05-19 01:36:55.397106,RequestStatus.DENOISING,6,3,2,1,0.14211130142211914
387,2024-05-19 01:36:55.663906,RequestStatus.DENOISING,6,3,2,1,0.26190853118896484
388,2024-05-19 01:36:55.880073,RequestStatus.DENOISING,6,3,2,1,0.21271586418151855
389,2024-05-19 01:36:56.055160,RequestStatus.DENOISING,6,3,2,1,0.17417097091674805
390,2024-05-19 01:36:56.222573,RequestStatus.DENOISING,6,3,2,1,0.16148066520690918
391,2024-05-19 01:36:56.400650,RequestStatus.DENOISING,6,3,2,1,0.13837838172912598
392,2024-05-19 01:36:56.666980,RequestStatus.DENOISING,6,3,2,1,0.1465284824371338
393,2024-05-19 01:36:57.093450,RequestStatus.DENOISING,6,3,2,1,0.2659459114074707
394,2024-05-19 01:36:57.301946,RequestStatus.DENOISING,6,3,2,1,0.14610791206359863
395,2024-05-19 01:36:57.401821,RequestStatus.DENOISING,6,3,2,1,0.14661240577697754
396,2024-05-19 01:36:57.570093,RequestStatus.DENOISING,6,3,2,1,0.16340112686157227
397,2024-05-19 01:36:57.744683,RequestStatus.DENOISING,6,3,2,1,0.17075371742248535
398,2024-05-19 01:36:57.912069,RequestStatus.DENOISING,6,3,2,1,0.16115140914916992
399,2024-05-19 01:36:58.125737,RequestStatus.DENOISING,6,3,2,1,0.1374342441558838
400,2024-05-19 01:36:58.211333,RequestStatus.DENOISING,6,3,2,1,0.16283607482910156
401,2024-05-19 01:36:58.610237,RequestStatus.DENOISING,6,3,2,1,0.29152655601501465
402,2024-05-19 01:36:58.683127,RequestStatus.DENOISING,6,3,2,1,0.17122578620910645
403,2024-05-19 01:36:58.871247,RequestStatus.POSTPROCESSING,2,0,2,0,0.17321443557739258
404,2024-05-19 01:36:59.183689,RequestStatus.POSTPROCESSING,3,3,0,0,0.292386531829834
405,2024-05-19 01:36:59.625934,RequestStatus.DENOISING,2,1,1,0,0.3470346927642822
406,2024-05-19 01:36:59.640190,RequestStatus.DENOISING,2,1,1,0,0.10877442359924316
407,2024-05-19 01:36:59.712009,RequestStatus.DENOISING,2,1,1,0,0.06165957450866699
408,2024-05-19 01:37:00.205408,RequestStatus.DENOISING,2,1,1,0,0.18828201293945312
409,2024-05-19 01:37:00.323104,RequestStatus.DENOISING,2,1,1,0,0.11041593551635742
410,2024-05-19 01:37:00.590428,RequestStatus.POSTPROCESSING,1,0,0,1,0.12317824363708496
411,2024-05-19 01:37:01.253103,RequestStatus.DENOISING,2,1,1,0,0.44147610664367676
412,2024-05-19 01:37:01.464060,RequestStatus.DENOISING,2,1,1,0,0.2055072784423828
413,2024-05-19 01:37:01.537530,RequestStatus.DENOISING,2,1,1,0,0.07609796524047852
414,2024-05-19 01:37:01.693662,RequestStatus.DENOISING,2,1,1,0,0.14436841011047363
415,2024-05-19 01:37:01.758240,RequestStatus.DENOISING,2,1,1,0,0.07021164894104004
416,2024-05-19 01:37:01.916117,RequestStatus.DENOISING,2,1,1,0,0.09063839912414551
417,2024-05-19 01:37:01.943635,RequestStatus.DENOISING,2,1,1,0,0.08859634399414062
418,2024-05-19 01:37:02.011203,RequestStatus.DENOISING,2,1,1,0,0.06430673599243164
419,2024-05-19 01:37:02.121976,RequestStatus.DENOISING,2,1,1,0,0.1063392162322998
420,2024-05-19 01:37:02.188846,RequestStatus.DENOISING,2,1,1,0,0.06000232696533203
421,2024-05-19 01:37:02.319252,RequestStatus.DENOISING,2,1,1,0,0.09110403060913086
422,2024-05-19 01:37:02.371314,RequestStatus.DENOISING,2,1,1,0,0.08627653121948242
423,2024-05-19 01:37:02.519229,RequestStatus.DENOISING,2,1,1,0,0.07675886154174805
424,2024-05-19 01:37:02.549867,RequestStatus.DENOISING,2,1,1,0,0.09695100784301758
425,2024-05-19 01:37:02.617232,RequestStatus.DENOISING,2,1,1,0,0.06440067291259766
426,2024-05-19 01:37:02.733889,RequestStatus.DENOISING,2,1,1,0,0.11434578895568848
427,2024-05-19 01:37:02.803631,RequestStatus.DENOISING,2,1,1,0,0.06576061248779297
428,2024-05-19 01:37:02.950768,RequestStatus.DENOISING,2,1,1,0,0.09007883071899414
429,2024-05-19 01:37:02.983573,RequestStatus.DENOISING,2,1,1,0,0.08684396743774414
430,2024-05-19 01:37:03.048447,RequestStatus.DENOISING,2,1,1,0,0.06205177307128906
431,2024-05-19 01:37:03.161260,RequestStatus.DENOISING,2,1,1,0,0.10092949867248535
432,2024-05-19 01:37:03.225770,RequestStatus.DENOISING,2,1,1,0,0.06516647338867188
433,2024-05-19 01:37:03.362557,RequestStatus.DENOISING,2,1,1,0,0.0898137092590332
434,2024-05-19 01:37:03.408704,RequestStatus.DENOISING,2,1,1,0,0.08810877799987793
435,2024-05-19 01:37:03.577002,RequestStatus.DENOISING,2,1,1,0,0.06394457817077637
436,2024-05-19 01:37:03.594195,RequestStatus.DENOISING,2,1,1,0,0.11030387878417969
437,2024-05-19 01:37:03.661018,RequestStatus.DENOISING,2,1,1,0,0.06586074829101562
438,2024-05-19 01:37:03.793823,RequestStatus.DENOISING,2,1,1,0,0.10081672668457031
439,2024-05-19 01:37:03.845729,RequestStatus.DENOISING,2,1,1,0,0.07913565635681152
440,2024-05-19 01:37:04.015230,RequestStatus.DENOISING,2,1,1,0,0.08288025856018066
441,2024-05-19 01:37:04.036017,RequestStatus.DENOISING,2,1,1,0,0.09386539459228516
442,2024-05-19 01:37:04.683109,RequestStatus.DENOISING,2,1,1,0,0.25673770904541016
443,2024-05-19 01:37:04.853609,RequestStatus.DENOISING,2,1,1,0,0.09405517578125
444,2024-05-19 01:37:04.878498,RequestStatus.DENOISING,2,1,1,0,0.09588813781738281
445,2024-05-19 01:37:04.945628,RequestStatus.DENOISING,2,1,1,0,0.06337904930114746
446,2024-05-19 01:37:05.070912,RequestStatus.DENOISING,2,1,1,0,0.11214542388916016
447,2024-05-19 01:37:05.131904,RequestStatus.DENOISING,2,1,1,0,0.06913089752197266
448,2024-05-19 01:37:05.304581,RequestStatus.DENOISING,2,1,1,0,0.08198142051696777
449,2024-05-19 01:37:05.322227,RequestStatus.DENOISING,2,1,1,0,0.10243964195251465
450,2024-05-19 01:37:05.390849,RequestStatus.DENOISING,2,1,1,0,0.06591486930847168
451,2024-05-19 01:37:05.511292,RequestStatus.DENOISING,2,1,1,0,0.09983515739440918
452,2024-05-19 01:37:05.573934,RequestStatus.DENOISING,2,1,1,0,0.07605123519897461
453,2024-05-19 01:37:05.717854,RequestStatus.DENOISING,2,1,1,0,0.07844066619873047
454,2024-05-19 01:37:05.754560,RequestStatus.DENOISING,2,1,1,0,0.09142923355102539
455,2024-05-19 01:37:05.918160,RequestStatus.DENOISING,2,1,1,0,0.06328964233398438
456,2024-05-19 01:37:05.932572,RequestStatus.DENOISING,2,1,1,0,0.10448336601257324
457,2024-05-19 01:37:05.958771,RequestStatus.POSTPROCESSING,1,1,0,0,0.015789508819580078
458,2024-05-19 01:37:06.135689,RequestStatus.POSTPROCESSING,1,0,1,0,0.07672357559204102
459,2024-05-19 01:37:06.324657,RequestStatus.DENOISING,1,0,0,1,0.08746337890625
460,2024-05-19 01:37:06.332166,RequestStatus.DENOISING,1,0,0,1,0.08408904075622559
461,2024-05-19 01:37:06.397615,RequestStatus.DENOISING,1,0,0,1,0.06521153450012207
462,2024-05-19 01:37:06.554148,RequestStatus.DENOISING,1,0,0,1,0.06363582611083984
463,2024-05-19 01:37:06.564102,RequestStatus.DENOISING,1,0,0,1,0.09156131744384766
464,2024-05-19 01:37:06.625641,RequestStatus.DENOISING,1,0,0,1,0.061431169509887695
465,2024-05-19 01:37:06.762830,RequestStatus.DENOISING,1,0,0,1,0.07994484901428223
466,2024-05-19 01:37:06.800364,RequestStatus.DENOISING,1,0,0,1,0.08998560905456543
467,2024-05-19 01:37:06.960337,RequestStatus.DENOISING,1,0,0,1,0.06130576133728027
468,2024-05-19 01:37:06.970799,RequestStatus.DENOISING,1,0,0,1,0.08824563026428223
469,2024-05-19 01:37:07.050972,RequestStatus.DENOISING,1,0,0,1,0.06739068031311035
470,2024-05-19 01:37:07.241420,RequestStatus.DENOISING,1,0,0,1,0.18024992942810059
471,2024-05-19 01:37:07.316701,RequestStatus.DENOISING,1,0,0,1,0.06822657585144043
472,2024-05-19 01:37:07.501001,RequestStatus.DENOISING,1,0,0,1,0.12070369720458984
473,2024-05-19 01:37:07.530154,RequestStatus.DENOISING,1,0,0,1,0.08399224281311035
474,2024-05-19 01:37:07.594214,RequestStatus.DENOISING,1,0,0,1,0.06122636795043945
475,2024-05-19 01:37:07.717570,RequestStatus.DENOISING,1,0,0,1,0.09030032157897949
476,2024-05-19 01:37:07.764523,RequestStatus.DENOISING,1,0,0,1,0.07530474662780762
477,2024-05-19 01:37:07.920755,RequestStatus.DENOISING,1,0,0,1,0.06119799613952637
478,2024-05-19 01:37:07.927381,RequestStatus.DENOISING,1,0,0,1,0.08367109298706055
479,2024-05-19 01:37:07.989672,RequestStatus.DENOISING,1,0,0,1,0.06131482124328613
480,2024-05-19 01:37:08.133142,RequestStatus.DENOISING,1,0,0,1,0.07114648818969727
481,2024-05-19 01:37:08.147143,RequestStatus.DENOISING,1,0,0,1,0.0816502571105957
482,2024-05-19 01:37:08.209678,RequestStatus.DENOISING,1,0,0,1,0.059784650802612305
483,2024-05-19 01:37:08.333797,RequestStatus.DENOISING,1,0,0,1,0.0750126838684082
484,2024-05-19 01:37:08.375996,RequestStatus.DENOISING,1,0,0,1,0.08636307716369629
485,2024-05-19 01:37:08.531236,RequestStatus.DENOISING,1,0,0,1,0.06505346298217773
486,2024-05-19 01:37:08.538488,RequestStatus.DENOISING,1,0,0,1,0.08223152160644531
487,2024-05-19 01:37:08.600849,RequestStatus.DENOISING,1,0,0,1,0.06187105178833008
488,2024-05-19 01:37:08.742474,RequestStatus.DENOISING,1,0,0,1,0.07887792587280273
489,2024-05-19 01:37:08.772422,RequestStatus.DENOISING,1,0,0,1,0.08739876747131348
490,2024-05-19 01:37:08.835316,RequestStatus.DENOISING,1,0,0,1,0.05869245529174805
491,2024-05-19 01:37:08.966743,RequestStatus.DENOISING,1,0,0,1,0.09426689147949219
492,2024-05-19 01:37:09.013942,RequestStatus.DENOISING,1,0,0,1,0.07960867881774902
493,2024-05-19 01:37:09.243031,RequestStatus.DENOISING,1,0,0,1,0.06310391426086426
494,2024-05-19 01:37:09.603381,RequestStatus.DENOISING,1,0,0,1,0.1235048770904541
495,2024-05-19 01:37:09.738823,RequestStatus.DENOISING,1,0,0,1,0.08446383476257324
496,2024-05-19 01:37:09.785133,RequestStatus.DENOISING,1,0,0,1,0.08055853843688965
497,2024-05-19 01:37:10.487037,RequestStatus.DENOISING,1,0,0,1,0.12684249877929688
498,2024-05-19 01:37:10.521664,RequestStatus.DENOISING,1,0,0,1,0.0857386589050293
499,2024-05-19 01:37:10.587250,RequestStatus.DENOISING,1,0,0,1,0.06296849250793457
500,2024-05-19 01:37:10.776148,RequestStatus.DENOISING,1,0,0,1,0.12107253074645996
501,2024-05-19 01:37:10.785052,RequestStatus.DENOISING,1,0,0,1,0.059906005859375
502,2024-05-19 01:37:10.847998,RequestStatus.DENOISING,1,0,0,1,0.06439447402954102
503,2024-05-19 01:37:10.997222,RequestStatus.DENOISING,1,0,0,1,0.06853699684143066
504,2024-05-19 01:37:11.005080,RequestStatus.DENOISING,1,0,0,1,0.07409334182739258
505,2024-05-19 01:37:11.069448,RequestStatus.DENOISING,1,0,0,1,0.06465744972229004
506,2024-05-19 01:37:11.197888,RequestStatus.DENOISING,1,0,0,1,0.07744240760803223
507,2024-05-19 01:37:11.231403,RequestStatus.DENOISING,1,0,0,1,0.07975077629089355
508,2024-05-19 01:37:11.293512,RequestStatus.DENOISING,1,0,0,1,0.05934715270996094
509,2024-05-19 01:37:11.422727,RequestStatus.DENOISING,1,0,0,1,0.08392524719238281
510,2024-05-19 01:37:11.512296,RequestStatus.POSTPROCESSING,1,0,0,1,0.11196541786193848
511,2024-05-19 01:37:11.906831,RequestStatus.DENOISING,1,0,1,0,0.3601527214050293
512,2024-05-19 01:37:11.939423,RequestStatus.DENOISING,1,0,1,0,0.06076383590698242
513,2024-05-19 01:37:11.992325,RequestStatus.DENOISING,1,0,1,0,0.04675126075744629
514,2024-05-19 01:37:12.123404,RequestStatus.DENOISING,1,0,1,0,0.07559442520141602
515,2024-05-19 01:37:12.146536,RequestStatus.DENOISING,1,0,1,0,0.07280373573303223
516,2024-05-19 01:37:12.198670,RequestStatus.DENOISING,1,0,1,0,0.04634809494018555
517,2024-05-19 01:37:12.347936,RequestStatus.DENOISING,1,0,1,0,0.06790709495544434
518,2024-05-19 01:37:12.355471,RequestStatus.DENOISING,1,0,1,0,0.0825507640838623
519,2024-05-19 01:37:12.407437,RequestStatus.DENOISING,1,0,1,0,0.04922676086425781
520,2024-05-19 01:37:12.557769,RequestStatus.DENOISING,1,0,1,0,0.058412790298461914
521,2024-05-19 01:37:12.566749,RequestStatus.DENOISING,1,0,1,0,0.07908892631530762
522,2024-05-19 01:37:12.616232,RequestStatus.DENOISING,1,0,1,0,0.04894065856933594
523,2024-05-19 01:37:12.760580,RequestStatus.DENOISING,1,0,1,0,0.05928468704223633
524,2024-05-19 01:37:12.772661,RequestStatus.DENOISING,1,0,1,0,0.06337189674377441
525,2024-05-19 01:37:13.009919,RequestStatus.DENOISING,1,0,1,0,0.1569805145263672
526,2024-05-19 01:37:13.018444,RequestStatus.DENOISING,1,0,1,0,0.07257413864135742
527,2024-05-19 01:37:13.080641,RequestStatus.DENOISING,1,0,1,0,0.0621645450592041
528,2024-05-19 01:37:13.257608,RequestStatus.DENOISING,1,0,1,0,0.10794758796691895
529,2024-05-19 01:37:13.269640,RequestStatus.DENOISING,1,0,1,0,0.07637977600097656
530,2024-05-19 01:37:13.322594,RequestStatus.DENOISING,1,0,1,0,0.05015397071838379
531,2024-05-19 01:37:13.473748,RequestStatus.DENOISING,1,0,1,0,0.0616755485534668
532,2024-05-19 01:37:13.482330,RequestStatus.DENOISING,1,0,1,0,0.0784611701965332
533,2024-05-19 01:37:13.533947,RequestStatus.DENOISING,1,0,1,0,0.05155158042907715
534,2024-05-19 01:37:13.681177,RequestStatus.DENOISING,1,0,1,0,0.06053280830383301
535,2024-05-19 01:37:13.692929,RequestStatus.DENOISING,1,0,1,0,0.0893244743347168
536,2024-05-19 01:37:13.743160,RequestStatus.DENOISING,1,0,1,0,0.04701995849609375
537,2024-05-19 01:37:13.890170,RequestStatus.DENOISING,1,0,1,0,0.058719635009765625
538,2024-05-19 01:37:13.899690,RequestStatus.DENOISING,1,0,1,0,0.0788426399230957
539,2024-05-19 01:37:13.948883,RequestStatus.DENOISING,1,0,1,0,0.04862689971923828
540,2024-05-19 01:37:14.091852,RequestStatus.DENOISING,1,0,1,0,0.054796457290649414
541,2024-05-19 01:37:14.102773,RequestStatus.DENOISING,1,0,1,0,0.07519245147705078
542,2024-05-19 01:37:14.150100,RequestStatus.DENOISING,1,0,1,0,0.050562381744384766
543,2024-05-19 01:37:14.291991,RequestStatus.DENOISING,1,0,1,0,0.05427956581115723
544,2024-05-19 01:37:14.301982,RequestStatus.DENOISING,1,0,1,0,0.07513642311096191
545,2024-05-19 01:37:14.368012,RequestStatus.DENOISING,1,0,1,0,0.05929279327392578
546,2024-05-19 01:37:14.853858,RequestStatus.DENOISING,1,0,1,0,0.11735367774963379
547,2024-05-19 01:37:14.973484,RequestStatus.DENOISING,1,0,1,0,0.07927227020263672
548,2024-05-19 01:37:15.004884,RequestStatus.DENOISING,1,0,1,0,0.06715941429138184
549,2024-05-19 01:37:15.059143,RequestStatus.DENOISING,1,0,1,0,0.05147147178649902
550,2024-05-19 01:37:15.172090,RequestStatus.DENOISING,1,0,1,0,0.07477426528930664
551,2024-05-19 01:37:15.204393,RequestStatus.DENOISING,1,0,1,0,0.06589984893798828
552,2024-05-19 01:37:15.256588,RequestStatus.DENOISING,1,0,1,0,0.04598569869995117
553,2024-05-19 01:37:15.399946,RequestStatus.DENOISING,1,0,1,0,0.07429790496826172
554,2024-05-19 01:37:15.414411,RequestStatus.DENOISING,1,0,1,0,0.07764983177185059
555,2024-05-19 01:37:15.466727,RequestStatus.DENOISING,1,0,1,0,0.049625396728515625
556,2024-05-19 01:37:15.614270,RequestStatus.DENOISING,1,0,1,0,0.057010650634765625
557,2024-05-19 01:37:15.621627,RequestStatus.DENOISING,1,0,1,0,0.08050155639648438
558,2024-05-19 01:37:15.675991,RequestStatus.DENOISING,1,0,1,0,0.05384469032287598
559,2024-05-19 01:37:15.871196,RequestStatus.DENOISING,1,0,1,0,0.18492364883422852
560,2024-05-19 01:37:15.930795,RequestStatus.DENOISING,1,0,1,0,0.061105966567993164
561,2024-05-19 01:37:16.101150,RequestStatus.DENOISING,1,0,1,0,0.05538606643676758
562,2024-05-19 01:37:16.111491,RequestStatus.POSTPROCESSING,1,0,1,0,0.08309292793273926
563,2024-05-19 01:37:16.393041,RequestStatus.DENOISING,2,0,1,1,0.27666497230529785
564,2024-05-19 01:37:16.576775,RequestStatus.DENOISING,2,0,1,1,0.11653637886047363
565,2024-05-19 01:37:16.637525,RequestStatus.DENOISING,2,0,1,1,0.12346577644348145
566,2024-05-19 01:37:16.801314,RequestStatus.DENOISING,2,0,1,1,0.12328410148620605
567,2024-05-19 01:37:16.881522,RequestStatus.DENOISING,2,0,1,1,0.11435174942016602
568,2024-05-19 01:37:17.031625,RequestStatus.DENOISING,2,0,1,1,0.1445915699005127
569,2024-05-19 01:37:17.240780,RequestStatus.DENOISING,2,0,1,1,0.10317277908325195
570,2024-05-19 01:37:17.269853,RequestStatus.DENOISING,2,0,1,1,0.13388395309448242
571,2024-05-19 01:37:17.462758,RequestStatus.DENOISING,2,0,1,1,0.10773706436157227
572,2024-05-19 01:37:17.515414,RequestStatus.DENOISING,2,0,1,1,0.12886619567871094
573,2024-05-19 01:37:17.678023,RequestStatus.DENOISING,2,0,1,1,0.1323838233947754
574,2024-05-19 01:37:17.758569,RequestStatus.DENOISING,2,0,1,1,0.10603833198547363
575,2024-05-19 01:37:17.901747,RequestStatus.DENOISING,2,0,1,1,0.13952255249023438
576,2024-05-19 01:37:18.121885,RequestStatus.DENOISING,2,0,1,1,0.10312986373901367
577,2024-05-19 01:37:18.151064,RequestStatus.DENOISING,2,0,1,1,0.1415081024169922
578,2024-05-19 01:37:18.338891,RequestStatus.DENOISING,2,0,1,1,0.11231231689453125
579,2024-05-19 01:37:18.608386,RequestStatus.DENOISING,3,0,1,2,0.33220767974853516
580,2024-05-19 01:37:18.865559,RequestStatus.DENOISING,3,0,1,2,0.18868756294250488
581,2024-05-19 01:37:19.103124,RequestStatus.DENOISING,3,0,1,2,0.23604106903076172
582,2024-05-19 01:37:19.292072,RequestStatus.DENOISING,3,0,1,2,0.18404150009155273
583,2024-05-19 01:37:19.867575,RequestStatus.DENOISING,3,0,1,2,0.27475738525390625
584,2024-05-19 01:37:20.061107,RequestStatus.DENOISING,3,0,1,2,0.1915757656097412
585,2024-05-19 01:37:20.254620,RequestStatus.DENOISING,3,0,1,2,0.18008208274841309
586,2024-05-19 01:37:21.159240,RequestStatus.DENOISING,3,0,1,2,0.2692995071411133
587,2024-05-19 01:37:21.258026,RequestStatus.DENOISING,3,0,1,2,0.17497849464416504
588,2024-05-19 01:37:21.450404,RequestStatus.DENOISING,3,0,1,2,0.17949271202087402
589,2024-05-19 01:37:21.734700,RequestStatus.DENOISING,3,0,1,2,0.2811555862426758
590,2024-05-19 01:37:21.963103,RequestStatus.DENOISING,3,0,1,2,0.22748446464538574
591,2024-05-19 01:37:22.150024,RequestStatus.DENOISING,3,0,1,2,0.1647331714630127
592,2024-05-19 01:37:22.352968,RequestStatus.DENOISING,3,0,1,2,0.15525150299072266
593,2024-05-19 01:37:22.577349,RequestStatus.DENOISING,3,0,1,2,0.1682593822479248
594,2024-05-19 01:37:22.646236,RequestStatus.DENOISING,3,0,1,2,0.18256497383117676
595,2024-05-19 01:37:22.838328,RequestStatus.DENOISING,3,0,1,2,0.18893980979919434
596,2024-05-19 01:37:23.021668,RequestStatus.DENOISING,3,0,1,2,0.16302227973937988
597,2024-05-19 01:37:23.229956,RequestStatus.DENOISING,3,0,1,2,0.15584969520568848
598,2024-05-19 01:37:23.442412,RequestStatus.DENOISING,3,0,1,2,0.17240619659423828
599,2024-05-19 01:37:23.510800,RequestStatus.DENOISING,3,0,1,2,0.17088985443115234
600,2024-05-19 01:37:23.698141,RequestStatus.DENOISING,3,0,1,2,0.18307209014892578
601,2024-05-19 01:37:23.877413,RequestStatus.DENOISING,3,0,1,2,0.17746615409851074
602,2024-05-19 01:37:24.073554,RequestStatus.DENOISING,3,0,1,2,0.15972566604614258
603,2024-05-19 01:37:24.286967,RequestStatus.DENOISING,3,0,1,2,0.14820146560668945
604,2024-05-19 01:37:24.599768,RequestStatus.DENOISING,3,0,1,2,0.31932783126831055
605,2024-05-19 01:37:24.697565,RequestStatus.DENOISING,3,0,1,2,0.17174696922302246
606,2024-05-19 01:37:24.929632,RequestStatus.DENOISING,3,0,1,2,0.22068500518798828
607,2024-05-19 01:37:25.126149,RequestStatus.DENOISING,3,0,1,2,0.1922743320465088
608,2024-05-19 01:37:25.340040,RequestStatus.DENOISING,3,0,1,2,0.1596980094909668
609,2024-05-19 01:37:26.156063,RequestStatus.DENOISING,3,0,1,2,0.2729220390319824
610,2024-05-19 01:37:26.346118,RequestStatus.DENOISING,3,0,1,2,0.1823418140411377
611,2024-05-19 01:37:27.030584,RequestStatus.DENOISING,3,0,1,2,0.24899840354919434
612,2024-05-19 01:37:27.730784,RequestStatus.DENOISING,3,0,1,2,0.26935386657714844
613,2024-05-19 01:37:27.797965,RequestStatus.DENOISING,3,0,1,2,0.22262930870056152
614,2024-05-19 01:37:28.548249,RequestStatus.POSTPROCESSING,1,0,1,0,0.06443262100219727
615,2024-05-19 01:37:28.980440,RequestStatus.DENOISING,4,1,2,1,0.3708016872406006
616,2024-05-19 01:37:29.221080,RequestStatus.POSTPROCESSING,1,0,0,1,0.12191176414489746
617,2024-05-19 01:37:30.659537,RequestStatus.DENOISING,5,1,2,2,0.9458777904510498
618,2024-05-19 01:37:30.880840,RequestStatus.DENOISING,5,1,2,2,0.18223142623901367
619,2024-05-19 01:37:31.086189,RequestStatus.DENOISING,5,1,2,2,0.1844937801361084
620,2024-05-19 01:37:31.301568,RequestStatus.DENOISING,5,1,2,2,0.19034028053283691
621,2024-05-19 01:37:31.549257,RequestStatus.DENOISING,5,1,2,2,0.1942129135131836
622,2024-05-19 01:37:32.017828,RequestStatus.DENOISING,5,1,2,2,0.2857537269592285
623,2024-05-19 01:37:32.226098,RequestStatus.DENOISING,5,1,2,2,0.20138168334960938
624,2024-05-19 01:37:32.426882,RequestStatus.DENOISING,5,1,2,2,0.19456052780151367
625,2024-05-19 01:37:32.631543,RequestStatus.DENOISING,5,1,2,2,0.18894505500793457
626,2024-05-19 01:37:32.841822,RequestStatus.DENOISING,5,1,2,2,0.1994495391845703
627,2024-05-19 01:37:33.184609,RequestStatus.DENOISING,5,1,2,2,0.2624640464782715
628,2024-05-19 01:37:33.443425,RequestStatus.DENOISING,5,1,2,2,0.21862411499023438
629,2024-05-19 01:37:33.671810,RequestStatus.DENOISING,5,1,2,2,0.23671197891235352
630,2024-05-19 01:37:33.923312,RequestStatus.DENOISING,5,1,2,2,0.21054887771606445
631,2024-05-19 01:37:34.676086,RequestStatus.DENOISING,5,1,2,2,0.3107459545135498
632,2024-05-19 01:37:34.845948,RequestStatus.POSTPROCESSING,1,0,0,1,0.1257948875427246
633,2024-05-19 01:37:35.236576,RequestStatus.DENOISING,4,1,2,1,0.4105393886566162
634,2024-05-19 01:37:35.431604,RequestStatus.DENOISING,4,1,2,1,0.14053821563720703
635,2024-05-19 01:37:35.646932,RequestStatus.DENOISING,4,1,2,1,0.15195226669311523
636,2024-05-19 01:37:35.703876,RequestStatus.DENOISING,4,1,2,1,0.1678328514099121
637,2024-05-19 01:37:35.875297,RequestStatus.DENOISING,4,1,2,1,0.1650066375732422
638,2024-05-19 01:37:36.162005,RequestStatus.DENOISING,4,1,2,1,0.2850375175476074
639,2024-05-19 01:37:36.421934,RequestStatus.DENOISING,4,1,2,1,0.19197869300842285
640,2024-05-19 01:37:36.935104,RequestStatus.DENOISING,4,1,2,1,0.27492308616638184
641,2024-05-19 01:37:37.461096,RequestStatus.DENOISING,4,1,2,1,0.25423765182495117
642,2024-05-19 01:37:37.642137,RequestStatus.DENOISING,4,1,2,1,0.16700482368469238
643,2024-05-19 01:37:38.330210,RequestStatus.DENOISING,4,1,2,1,0.24816441535949707
644,2024-05-19 01:37:39.277906,RequestStatus.DENOISING,4,1,2,1,0.24939465522766113
645,2024-05-19 01:37:39.353017,RequestStatus.DENOISING,4,1,2,1,0.19771075248718262
646,2024-05-19 01:37:39.536075,RequestStatus.DENOISING,4,1,2,1,0.17730975151062012
647,2024-05-19 01:37:40.076238,RequestStatus.DENOISING,4,1,2,1,0.2666323184967041
648,2024-05-19 01:37:40.247409,RequestStatus.DENOISING,4,1,2,1,0.16540074348449707
649,2024-05-19 01:37:40.428671,RequestStatus.DENOISING,4,1,2,1,0.14443302154541016
650,2024-05-19 01:37:40.633308,RequestStatus.DENOISING,4,1,2,1,0.13913345336914062
651,2024-05-19 01:37:40.703398,RequestStatus.DENOISING,4,1,2,1,0.16227269172668457
652,2024-05-19 01:37:40.885147,RequestStatus.DENOISING,4,1,2,1,0.17438268661499023
653,2024-05-19 01:37:41.076210,RequestStatus.DENOISING,4,1,2,1,0.15931463241577148
654,2024-05-19 01:37:41.175871,RequestStatus.DENOISING,4,1,2,1,0.1308889389038086
655,2024-05-19 01:37:41.349815,RequestStatus.DENOISING,4,1,2,1,0.1624147891998291
656,2024-05-19 01:37:41.519097,RequestStatus.DENOISING,4,1,2,1,0.16499042510986328
657,2024-05-19 01:37:41.724482,RequestStatus.DENOISING,4,1,2,1,0.15955376625061035
658,2024-05-19 01:37:42.005075,RequestStatus.DENOISING,4,1,2,1,0.32523274421691895
659,2024-05-19 01:37:42.238544,RequestStatus.DENOISING,4,1,2,1,0.17643189430236816
660,2024-05-19 01:37:42.335118,RequestStatus.DENOISING,4,1,2,1,0.13581371307373047
661,2024-05-19 01:37:42.515670,RequestStatus.DENOISING,4,1,2,1,0.17044901847839355
662,2024-05-19 01:37:42.687891,RequestStatus.DENOISING,4,1,2,1,0.17285442352294922
663,2024-05-19 01:37:42.873176,RequestStatus.DENOISING,4,1,2,1,0.1348707675933838
664,2024-05-19 01:37:43.098121,RequestStatus.DENOISING,4,1,2,1,0.14347124099731445
665,2024-05-19 01:37:43.147756,RequestStatus.DENOISING,4,1,2,1,0.16671323776245117
666,2024-05-19 01:37:43.307802,RequestStatus.DENOISING,4,1,2,1,0.15094423294067383
667,2024-05-19 01:37:43.534114,RequestStatus.DENOISING,4,1,2,1,0.13264060020446777
668,2024-05-19 01:37:43.559246,RequestStatus.POSTPROCESSING,2,0,2,0,0.1084585189819336
669,2024-05-19 01:37:43.899457,RequestStatus.POSTPROCESSING,1,1,0,0,0.1693286895751953
670,2024-05-19 01:37:43.945318,RequestStatus.DENOISING,1,0,0,1,0.08666491508483887
671,2024-05-19 01:37:44.121671,RequestStatus.POSTPROCESSING,1,0,0,1,0.12233924865722656
672,2024-05-19 01:37:44.446236,RequestStatus.DENOISING,2,0,2,0,0.2627525329589844
673,2024-05-19 01:37:44.456031,RequestStatus.DENOISING,2,0,2,0,0.09179306030273438
674,2024-05-19 01:37:44.513811,RequestStatus.DENOISING,2,0,2,0,0.06017017364501953
675,2024-05-19 01:37:44.758555,RequestStatus.DENOISING,2,0,2,0,0.06271171569824219
676,2024-05-19 01:37:44.783747,RequestStatus.DENOISING,2,0,2,0,0.1954329013824463
677,2024-05-19 01:37:44.840028,RequestStatus.DENOISING,2,0,2,0,0.05205225944519043
678,2024-05-19 01:37:44.952213,RequestStatus.DENOISING,2,0,2,0,0.08570623397827148
679,2024-05-19 01:37:45.036726,RequestStatus.DENOISING,2,0,2,0,0.10188817977905273
680,2024-05-19 01:37:45.180208,RequestStatus.DENOISING,2,0,2,0,0.07900333404541016
681,2024-05-19 01:37:45.207309,RequestStatus.DENOISING,2,0,2,0,0.08681941032409668
682,2024-05-19 01:37:45.262506,RequestStatus.DENOISING,2,0,2,0,0.051255226135253906
683,2024-05-19 01:37:45.384485,RequestStatus.DENOISING,2,0,2,0,0.07827043533325195
684,2024-05-19 01:37:45.426621,RequestStatus.DENOISING,2,0,2,0,0.08118224143981934
685,2024-05-19 01:37:45.482062,RequestStatus.DENOISING,2,0,2,0,0.052731990814208984
686,2024-05-19 01:37:45.618759,RequestStatus.DENOISING,2,0,2,0,0.09144258499145508
687,2024-05-19 01:37:45.651771,RequestStatus.DENOISING,2,0,2,0,0.07367324829101562
688,2024-05-19 01:37:45.715960,RequestStatus.DENOISING,2,0,2,0,0.05647611618041992
689,2024-05-19 01:37:45.834710,RequestStatus.DENOISING,2,0,2,0,0.08389925956726074
690,2024-05-19 01:37:45.873752,RequestStatus.DENOISING,2,0,2,0,0.06590914726257324
691,2024-05-19 01:37:45.933021,RequestStatus.DENOISING,2,0,2,0,0.05657958984375
692,2024-05-19 01:37:46.054757,RequestStatus.DENOISING,2,0,2,0,0.09079241752624512
693,2024-05-19 01:37:46.094578,RequestStatus.DENOISING,2,0,2,0,0.06616926193237305
694,2024-05-19 01:37:46.152516,RequestStatus.DENOISING,2,0,2,0,0.05184507369995117
695,2024-05-19 01:37:46.273301,RequestStatus.DENOISING,2,0,2,0,0.09169721603393555
696,2024-05-19 01:37:46.314144,RequestStatus.DENOISING,2,0,2,0,0.06522011756896973
697,2024-05-19 01:37:46.372289,RequestStatus.DENOISING,2,0,2,0,0.05439448356628418
698,2024-05-19 01:37:46.498750,RequestStatus.DENOISING,2,0,2,0,0.08583307266235352
699,2024-05-19 01:37:46.535590,RequestStatus.DENOISING,2,0,2,0,0.06662702560424805
700,2024-05-19 01:37:46.592516,RequestStatus.DENOISING,2,0,2,0,0.05409526824951172
701,2024-05-19 01:37:46.717680,RequestStatus.DENOISING,2,0,2,0,0.09128618240356445
702,2024-05-19 01:37:46.756845,RequestStatus.DENOISING,2,0,2,0,0.06827044486999512
703,2024-05-19 01:37:46.813660,RequestStatus.DENOISING,2,0,2,0,0.05515646934509277
704,2024-05-19 01:37:46.939320,RequestStatus.DENOISING,2,0,2,0,0.0907597541809082
705,2024-05-19 01:37:46.977317,RequestStatus.DENOISING,2,0,2,0,0.06665444374084473
706,2024-05-19 01:37:47.034631,RequestStatus.DENOISING,2,0,2,0,0.05321478843688965
707,2024-05-19 01:37:47.150191,RequestStatus.DENOISING,2,0,2,0,0.08504390716552734
708,2024-05-19 01:37:47.191571,RequestStatus.DENOISING,2,0,2,0,0.0672612190246582
709,2024-05-19 01:37:47.247013,RequestStatus.DENOISING,2,0,2,0,0.05269289016723633
710,2024-05-19 01:37:47.385342,RequestStatus.DENOISING,2,0,2,0,0.08026003837585449
711,2024-05-19 01:37:47.413209,RequestStatus.DENOISING,2,0,2,0,0.07179594039916992
712,2024-05-19 01:37:47.468680,RequestStatus.DENOISING,2,0,2,0,0.05277872085571289
713,2024-05-19 01:37:47.693708,RequestStatus.DENOISING,2,0,2,0,0.17694473266601562
714,2024-05-19 01:37:47.729482,RequestStatus.DENOISING,2,0,2,0,0.07815146446228027
715,2024-05-19 01:37:47.920626,RequestStatus.DENOISING,2,0,2,0,0.06719660758972168
716,2024-05-19 01:37:47.928650,RequestStatus.DENOISING,2,0,2,0,0.12741422653198242
717,2024-05-19 01:37:47.984364,RequestStatus.DENOISING,2,0,2,0,0.05298161506652832
718,2024-05-19 01:37:48.136603,RequestStatus.DENOISING,2,0,2,0,0.0665273666381836
719,2024-05-19 01:37:48.143788,RequestStatus.DENOISING,2,0,2,0,0.08798336982727051
720,2024-05-19 01:37:48.201764,RequestStatus.DENOISING,2,0,2,0,0.055220603942871094
721,2024-05-19 01:37:48.352623,RequestStatus.DENOISING,2,0,2,0,0.06108713150024414
722,2024-05-19 01:37:48.362966,RequestStatus.DENOISING,2,0,2,0,0.07869338989257812
723,2024-05-19 01:37:48.415283,RequestStatus.DENOISING,1,1,0,0,0.053540945053100586
724,2024-05-19 01:37:48.614716,RequestStatus.DENOISING,1,1,0,0,0.054091691970825195
725,2024-05-19 01:37:49.041998,RequestStatus.DENOISING,1,1,0,0,0.14959239959716797
726,2024-05-19 01:37:49.063168,RequestStatus.POSTPROCESSING,1,0,1,0,0.05124855041503906
727,2024-05-19 01:37:49.290967,RequestStatus.POSTPROCESSING,1,0,1,0,0.140028715133667
728,2024-05-19 01:37:49.376956,RequestStatus.DENOISING,1,1,0,0,0.16283559799194336
729,2024-05-19 01:37:49.513682,RequestStatus.DENOISING,1,1,0,0,0.08123159408569336
730,2024-05-19 01:37:49.540553,RequestStatus.DENOISING,1,1,0,0,0.06545877456665039
731,2024-05-19 01:37:49.592978,RequestStatus.DENOISING,1,1,0,0,0.04971790313720703
732,2024-05-19 01:37:49.732589,RequestStatus.DENOISING,1,1,0,0,0.07396507263183594
733,2024-05-19 01:37:49.751968,RequestStatus.DENOISING,1,1,0,0,0.07838988304138184
734,2024-05-19 01:37:49.803811,RequestStatus.DENOISING,1,1,0,0,0.04540228843688965
735,2024-05-19 01:37:49.943096,RequestStatus.DENOISING,1,1,0,0,0.06838035583496094
736,2024-05-19 01:37:49.959546,RequestStatus.DENOISING,1,1,0,0,0.08130192756652832
737,2024-05-19 01:37:50.010145,RequestStatus.DENOISING,1,1,0,0,0.04786324501037598
738,2024-05-19 01:37:50.157873,RequestStatus.DENOISING,1,1,0,0,0.06720614433288574
739,2024-05-19 01:37:50.169629,RequestStatus.DENOISING,1,1,0,0,0.08434867858886719
740,2024-05-19 01:37:50.220864,RequestStatus.DENOISING,1,1,0,0,0.04652523994445801
741,2024-05-19 01:37:50.378120,RequestStatus.DENOISING,1,1,0,0,0.0650472640991211
742,2024-05-19 01:37:50.384851,RequestStatus.DENOISING,1,1,0,0,0.08556342124938965
743,2024-05-19 01:37:50.612597,RequestStatus.DENOISING,1,1,0,0,0.17056608200073242
744,2024-05-19 01:37:50.634014,RequestStatus.DENOISING,1,1,0,0,0.07202744483947754
745,2024-05-19 01:37:50.693931,RequestStatus.DENOISING,1,1,0,0,0.0604398250579834
746,2024-05-19 01:37:50.869345,RequestStatus.DENOISING,1,1,0,0,0.12539458274841309
747,2024-05-19 01:37:50.901200,RequestStatus.DENOISING,1,1,0,0,0.07414603233337402
748,2024-05-19 01:37:50.952617,RequestStatus.DENOISING,1,1,0,0,0.04852414131164551
749,2024-05-19 01:37:51.089865,RequestStatus.DENOISING,1,1,0,0,0.07281279563903809
750,2024-05-19 01:37:51.114905,RequestStatus.DENOISING,1,1,0,0,0.08076238632202148
751,2024-05-19 01:37:51.168666,RequestStatus.DENOISING,1,1,0,0,0.0518643856048584
752,2024-05-19 01:37:51.314788,RequestStatus.DENOISING,1,1,0,0,0.07268810272216797
753,2024-05-19 01:37:51.324480,RequestStatus.DENOISING,1,1,0,0,0.07708883285522461
754,2024-05-19 01:37:51.383602,RequestStatus.DENOISING,1,1,0,0,0.05102968215942383
755,2024-05-19 01:37:51.867487,RequestStatus.DENOISING,1,1,0,0,0.1376354694366455
756,2024-05-19 01:37:51.993479,RequestStatus.DENOISING,1,1,0,0,0.08904290199279785
757,2024-05-19 01:37:52.036664,RequestStatus.DENOISING,1,1,0,0,0.0651102066040039
758,2024-05-19 01:37:52.511695,RequestStatus.DENOISING,1,1,0,0,0.11768388748168945
759,2024-05-19 01:37:52.655003,RequestStatus.DENOISING,1,1,0,0,0.08363056182861328
760,2024-05-19 01:37:52.672165,RequestStatus.DENOISING,1,1,0,0,0.07718420028686523
761,2024-05-19 01:37:52.727343,RequestStatus.DENOISING,1,1,0,0,0.05234932899475098
762,2024-05-19 01:37:52.879111,RequestStatus.DENOISING,1,1,0,0,0.06723427772521973
763,2024-05-19 01:37:52.886530,RequestStatus.DENOISING,1,1,0,0,0.0756218433380127
764,2024-05-19 01:37:52.940425,RequestStatus.DENOISING,1,1,0,0,0.05179429054260254
765,2024-05-19 01:37:53.085182,RequestStatus.DENOISING,1,1,0,0,0.0576632022857666
766,2024-05-19 01:37:53.091987,RequestStatus.DENOISING,1,1,0,0,0.07831263542175293
767,2024-05-19 01:37:53.144747,RequestStatus.DENOISING,1,1,0,0,0.051697731018066406
768,2024-05-19 01:37:53.295040,RequestStatus.DENOISING,1,1,0,0,0.05612921714782715
769,2024-05-19 01:37:53.389390,RequestStatus.DENOISING,1,1,0,0,0.07375788688659668
770,2024-05-19 01:37:53.502893,RequestStatus.DENOISING,1,1,0,0,0.10540962219238281
771,2024-05-19 01:37:53.563218,RequestStatus.DENOISING,1,1,0,0,0.06552004814147949
772,2024-05-19 01:37:53.748357,RequestStatus.DENOISING,1,1,0,0,0.05895113945007324
773,2024-05-19 01:37:53.767354,RequestStatus.DENOISING,1,1,0,0,0.13936161994934082
774,2024-05-19 01:37:53.825083,RequestStatus.DENOISING,1,1,0,0,0.0514531135559082
775,2024-05-19 01:37:54.390330,RequestStatus.DENOISING,1,1,0,0,0.13637661933898926
776,2024-05-19 01:37:54.402293,RequestStatus.POSTPROCESSING,1,1,0,0,0.02567887306213379
777,2024-05-19 01:37:54.688045,RequestStatus.DENOISING,3,1,2,0,0.281874418258667
778,2024-05-19 01:37:54.869766,RequestStatus.DENOISING,4,1,3,0,0.11242294311523438
779,2024-05-19 01:37:54.918984,RequestStatus.DENOISING,4,1,3,0,0.11818909645080566
780,2024-05-19 01:37:55.092907,RequestStatus.DENOISING,4,1,3,0,0.1069643497467041
781,2024-05-19 01:37:55.153129,RequestStatus.DENOISING,4,1,3,0,0.12220239639282227
782,2024-05-19 01:37:55.302959,RequestStatus.DENOISING,4,1,3,0,0.12067270278930664
783,2024-05-19 01:37:55.379300,RequestStatus.DENOISING,4,1,3,0,0.10071372985839844
784,2024-05-19 01:37:55.525806,RequestStatus.DENOISING,4,1,3,0,0.13444042205810547
785,2024-05-19 01:37:55.620828,RequestStatus.DENOISING,4,1,3,0,0.09667801856994629
786,2024-05-19 01:37:55.761692,RequestStatus.DENOISING,4,1,3,0,0.1374359130859375
787,2024-05-19 01:37:55.967982,RequestStatus.DENOISING,4,1,3,0,0.09287118911743164
788,2024-05-19 01:37:55.999280,RequestStatus.DENOISING,4,1,3,0,0.13635921478271484
789,2024-05-19 01:37:56.184967,RequestStatus.DENOISING,4,1,3,0,0.09713482856750488
790,2024-05-19 01:37:56.394781,RequestStatus.DENOISING,4,1,3,0,0.24185848236083984
791,2024-05-19 01:37:56.470219,RequestStatus.DENOISING,4,1,3,0,0.1174619197845459
792,2024-05-19 01:37:56.659397,RequestStatus.DENOISING,4,1,3,0,0.18018102645874023
793,2024-05-19 01:37:56.751432,RequestStatus.DENOISING,4,1,3,0,0.09304928779602051
794,2024-05-19 01:37:56.900691,RequestStatus.DENOISING,4,1,3,0,0.1398775577545166
795,2024-05-19 01:37:57.435440,RequestStatus.DENOISING,4,1,3,0,0.20920014381408691
796,2024-05-19 01:37:58.156801,RequestStatus.DENOISING,5,2,3,0,0.537344217300415
797,2024-05-19 01:37:58.361234,RequestStatus.DENOISING,6,2,4,0,0.12696480751037598
798,2024-05-19 01:37:58.436130,RequestStatus.DENOISING,6,2,4,0,0.1535778045654297
799,2024-05-19 01:37:59.049508,RequestStatus.DENOISING,6,2,4,0,0.24343228340148926
800,2024-05-19 01:37:59.798641,RequestStatus.DENOISING,6,2,4,0,0.3808457851409912
801,2024-05-19 01:37:59.988384,RequestStatus.DENOISING,6,2,4,0,0.13403916358947754
802,2024-05-19 01:38:00.077419,RequestStatus.DENOISING,6,2,4,0,0.13907146453857422
803,2024-05-19 01:38:00.252052,RequestStatus.DENOISING,6,2,4,0,0.16538739204406738
804,2024-05-19 01:38:00.451870,RequestStatus.DENOISING,6,2,4,0,0.13094615936279297
805,2024-05-19 01:38:00.523866,RequestStatus.DENOISING,6,2,4,0,0.143385648727417
806,2024-05-19 01:38:00.692047,RequestStatus.DENOISING,6,2,4,0,0.1615619659423828
807,2024-05-19 01:38:00.902247,RequestStatus.DENOISING,6,2,4,0,0.13413572311401367
808,2024-05-19 01:38:00.972803,RequestStatus.DENOISING,6,2,4,0,0.1456437110900879
809,2024-05-19 01:38:01.142103,RequestStatus.DENOISING,6,2,4,0,0.16168904304504395
810,2024-05-19 01:38:01.323424,RequestStatus.DENOISING,6,2,4,0,0.13272452354431152
811,2024-05-19 01:38:01.416107,RequestStatus.DENOISING,6,2,4,0,0.13479971885681152
812,2024-05-19 01:38:02.115056,RequestStatus.DENOISING,6,2,4,0,0.2448883056640625
813,2024-05-19 01:38:02.371671,RequestStatus.DENOISING,6,2,4,0,0.13663887977600098
814,2024-05-19 01:38:02.430740,RequestStatus.DENOISING,6,2,4,0,0.20552849769592285
815,2024-05-19 01:38:02.609209,RequestStatus.DENOISING,6,2,4,0,0.16843867301940918
816,2024-05-19 01:38:02.828924,RequestStatus.DENOISING,6,2,4,0,0.13068628311157227
817,2024-05-19 01:38:02.892685,RequestStatus.DENOISING,6,2,4,0,0.1526632308959961
818,2024-05-19 01:38:03.065446,RequestStatus.DENOISING,6,2,4,0,0.16318607330322266
819,2024-05-19 01:38:03.592533,RequestStatus.DENOISING,6,2,4,0,0.2384471893310547
820,2024-05-19 01:38:03.757099,RequestStatus.DENOISING,6,2,4,0,0.15432405471801758
821,2024-05-19 01:38:03.980011,RequestStatus.DENOISING,6,2,4,0,0.13381576538085938
822,2024-05-19 01:38:04.039565,RequestStatus.DENOISING,6,2,4,0,0.14590716361999512
823,2024-05-19 01:38:04.198251,RequestStatus.DENOISING,6,2,4,0,0.15547895431518555
824,2024-05-19 01:38:04.397841,RequestStatus.DENOISING,6,2,4,0,0.12618136405944824
825,2024-05-19 01:38:04.478620,RequestStatus.DENOISING,6,2,4,0,0.14322400093078613
826,2024-05-19 01:38:04.643765,RequestStatus.DENOISING,6,2,4,0,0.16109204292297363
827,2024-05-19 01:38:04.975195,RequestStatus.DENOISING,6,2,4,0,0.12218093872070312
828,2024-05-19 01:38:05.000205,RequestStatus.POSTPROCESSING,2,0,2,0,0.19397282600402832
829,2024-05-19 01:38:05.464166,RequestStatus.DENOISING,6,3,2,1,0.46524572372436523
830,2024-05-19 01:38:05.850869,RequestStatus.DENOISING,6,3,1,2,0.3235461711883545
831,2024-05-19 01:38:06.060037,RequestStatus.DENOISING,6,3,1,2,0.1882615089416504
832,2024-05-19 01:38:06.286704,RequestStatus.DENOISING,6,3,1,2,0.20559382438659668
833,2024-05-19 01:38:06.506711,RequestStatus.DENOISING,6,3,1,2,0.19400906562805176
834,2024-05-19 01:38:06.598310,RequestStatus.DENOISING,6,3,1,2,0.1995837688446045
835,2024-05-19 01:38:06.747003,RequestStatus.POSTPROCESSING,1,0,1,0,0.05819129943847656
836,2024-05-19 01:38:07.002161,RequestStatus.DENOISING,6,3,1,2,0.3387131690979004
837,2024-05-19 01:38:07.286661,RequestStatus.DENOISING,6,3,1,2,0.22052812576293945
838,2024-05-19 01:38:07.943970,RequestStatus.DENOISING,6,3,1,2,0.2920548915863037
839,2024-05-19 01:38:08.254587,RequestStatus.DENOISING,6,3,1,2,0.2635023593902588
840,2024-05-19 01:38:08.468772,RequestStatus.DENOISING,6,3,1,2,0.1733870506286621
841,2024-05-19 01:38:08.679458,RequestStatus.DENOISING,6,3,1,2,0.1938612461090088
842,2024-05-19 01:38:08.776047,RequestStatus.DENOISING,6,3,1,2,0.18996000289916992
843,2024-05-19 01:38:08.903740,RequestStatus.POSTPROCESSING,1,1,0,0,0.022875547409057617
844,2024-05-19 01:38:09.122799,RequestStatus.DENOISING,6,3,1,2,0.24104046821594238
845,2024-05-19 01:38:09.348900,RequestStatus.DENOISING,6,3,1,2,0.18729519844055176
846,2024-05-19 01:38:09.564700,RequestStatus.DENOISING,6,3,1,2,0.21215057373046875
847,2024-05-19 01:38:09.657794,RequestStatus.DENOISING,6,3,1,2,0.1937403678894043
848,2024-05-19 01:38:09.875745,RequestStatus.DENOISING,6,3,1,2,0.21284818649291992
849,2024-05-19 01:38:10.494988,RequestStatus.DENOISING,6,3,1,2,0.285541296005249
850,2024-05-19 01:38:10.923102,RequestStatus.DENOISING,5,2,1,2,0.4493570327758789
851,2024-05-19 01:38:11.180242,RequestStatus.DENOISING,4,2,0,2,0.20061230659484863
852,2024-05-19 01:38:11.276574,RequestStatus.DENOISING,4,2,0,2,0.14021658897399902
853,2024-05-19 01:38:11.445644,RequestStatus.DENOISING,4,2,0,2,0.16545867919921875
854,2024-05-19 01:38:11.629214,RequestStatus.DENOISING,4,2,0,2,0.17548441886901855
855,2024-05-19 01:38:11.813943,RequestStatus.DENOISING,4,2,0,2,0.16188263893127441
856,2024-05-19 01:38:11.822209,RequestStatus.POSTPROCESSING,1,1,0,0,0.019496679306030273
857,2024-05-19 01:38:12.048867,RequestStatus.DENOISING,4,2,0,2,0.1566174030303955
858,2024-05-19 01:38:12.146445,RequestStatus.DENOISING,4,2,0,2,0.1649610996246338
859,2024-05-19 01:38:12.260142,RequestStatus.POSTPROCESSING,1,0,1,0,0.0600438117980957
860,2024-05-19 01:38:12.496056,RequestStatus.DENOISING,4,2,0,2,0.27419161796569824
861,2024-05-19 01:38:12.699489,RequestStatus.DENOISING,4,2,0,2,0.1521892547607422
862,2024-05-19 01:38:12.926065,RequestStatus.DENOISING,4,2,0,2,0.15417098999023438
863,2024-05-19 01:38:12.987123,RequestStatus.DENOISING,4,2,0,2,0.18137288093566895
864,2024-05-19 01:38:13.170099,RequestStatus.DENOISING,4,2,0,2,0.1781456470489502
865,2024-05-19 01:38:13.363695,RequestStatus.DENOISING,4,2,0,2,0.17772412300109863
866,2024-05-19 01:38:13.587063,RequestStatus.DENOISING,4,2,0,2,0.14765667915344238
867,2024-05-19 01:38:13.808065,RequestStatus.DENOISING,4,2,0,2,0.29950976371765137
868,2024-05-19 01:38:14.070704,RequestStatus.DENOISING,4,2,0,2,0.21622920036315918
869,2024-05-19 01:38:14.281144,RequestStatus.DENOISING,4,2,0,2,0.15424275398254395
870,2024-05-19 01:38:14.354637,RequestStatus.DENOISING,4,2,0,2,0.17186188697814941
871,2024-05-19 01:38:14.544072,RequestStatus.DENOISING,4,2,0,2,0.18403363227844238
872,2024-05-19 01:38:14.750788,RequestStatus.DENOISING,4,2,0,2,0.15803742408752441
873,2024-05-19 01:38:14.977362,RequestStatus.DENOISING,4,2,0,2,0.16029047966003418
874,2024-05-19 01:38:15.037584,RequestStatus.DENOISING,4,2,0,2,0.17194342613220215
875,2024-05-19 01:38:15.217442,RequestStatus.DENOISING,4,2,0,2,0.17417097091674805
876,2024-05-19 01:38:15.399827,RequestStatus.DENOISING,4,2,0,2,0.15115141868591309
877,2024-05-19 01:38:15.662203,RequestStatus.DENOISING,4,2,0,2,0.1425952911376953
878,2024-05-19 01:38:16.166496,RequestStatus.DENOISING,4,2,0,2,0.2579188346862793
879,2024-05-19 01:38:16.398733,RequestStatus.DENOISING,4,2,0,2,0.17094826698303223
880,2024-05-19 01:38:16.463164,RequestStatus.DENOISING,4,2,0,2,0.17990970611572266
881,2024-05-19 01:38:17.256326,RequestStatus.DENOISING,4,2,0,2,0.3937065601348877
882,2024-05-19 01:38:17.462964,RequestStatus.DENOISING,4,2,0,2,0.1443016529083252
883,2024-05-19 01:38:17.554304,RequestStatus.DENOISING,4,2,0,2,0.16663503646850586
884,2024-05-19 01:38:18.053552,RequestStatus.POSTPROCESSING,2,2,0,0,0.036722421646118164
885,2024-05-19 01:38:18.248298,RequestStatus.DENOISING,1,0,0,1,0.13969945907592773
886,2024-05-19 01:38:18.505244,RequestStatus.POSTPROCESSING,2,0,0,2,0.2865159511566162
887,2024-05-19 01:38:19.850901,RequestStatus.DENOISING,1,0,0,1,0.7509090900421143
888,2024-05-19 01:38:19.859342,RequestStatus.DENOISING,1,0,0,1,0.1362142562866211
889,2024-05-19 01:38:19.931969,RequestStatus.DENOISING,1,0,0,1,0.062239885330200195
890,2024-05-19 01:38:20.525427,RequestStatus.DENOISING,1,0,0,1,0.1367661952972412
891,2024-05-19 01:38:20.536064,RequestStatus.DENOISING,1,0,0,1,0.09944701194763184
892,2024-05-19 01:38:20.607995,RequestStatus.DENOISING,1,0,0,1,0.06286048889160156
893,2024-05-19 01:38:21.468996,RequestStatus.DENOISING,1,0,0,1,0.14087772369384766
894,2024-05-19 01:38:21.488189,RequestStatus.DENOISING,1,0,0,1,0.10162615776062012
895,2024-05-19 01:38:21.552726,RequestStatus.DENOISING,1,0,0,1,0.06179189682006836
896,2024-05-19 01:38:21.692275,RequestStatus.DENOISING,1,0,0,1,0.08336687088012695
897,2024-05-19 01:38:21.729754,RequestStatus.DENOISING,1,0,0,1,0.0777897834777832
898,2024-05-19 01:38:21.888344,RequestStatus.DENOISING,1,0,0,1,0.06359648704528809
899,2024-05-19 01:38:21.896010,RequestStatus.DENOISING,1,0,0,1,0.0860745906829834
900,2024-05-19 01:38:21.959139,RequestStatus.DENOISING,1,0,0,1,0.06276726722717285
901,2024-05-19 01:38:22.099537,RequestStatus.DENOISING,1,0,0,1,0.0720984935760498
902,2024-05-19 01:38:22.127395,RequestStatus.DENOISING,1,0,0,1,0.08943557739257812
903,2024-05-19 01:38:22.192285,RequestStatus.DENOISING,1,0,0,1,0.06215929985046387
904,2024-05-19 01:38:22.417372,RequestStatus.DENOISING,1,0,0,1,0.09156084060668945
905,2024-05-19 01:38:22.470754,RequestStatus.DENOISING,1,0,0,1,0.18215131759643555
906,2024-05-19 01:38:22.616603,RequestStatus.DENOISING,1,0,0,1,0.06334328651428223
907,2024-05-19 01:38:22.631985,RequestStatus.DENOISING,1,0,0,1,0.08414220809936523
908,2024-05-19 01:38:22.839533,RequestStatus.DENOISING,1,0,0,1,0.10961675643920898
909,2024-05-19 01:38:22.848010,RequestStatus.DENOISING,1,0,0,1,0.08754324913024902
910,2024-05-19 01:38:22.911748,RequestStatus.DENOISING,1,0,0,1,0.06426095962524414
911,2024-05-19 01:38:23.067852,RequestStatus.DENOISING,1,0,0,1,0.06962847709655762
912,2024-05-19 01:38:23.078340,RequestStatus.DENOISING,1,0,0,1,0.09234023094177246
913,2024-05-19 01:38:23.145551,RequestStatus.DENOISING,1,0,0,1,0.06322097778320312
914,2024-05-19 01:38:23.289122,RequestStatus.DENOISING,1,0,0,1,0.07652139663696289
915,2024-05-19 01:38:23.311709,RequestStatus.DENOISING,1,0,0,1,0.08502650260925293
916,2024-05-19 01:38:23.375058,RequestStatus.DENOISING,1,0,0,1,0.0606229305267334
917,2024-05-19 01:38:23.505135,RequestStatus.DENOISING,1,0,0,1,0.08598136901855469
918,2024-05-19 01:38:23.553483,RequestStatus.DENOISING,1,0,0,1,0.07995057106018066
919,2024-05-19 01:38:23.712340,RequestStatus.DENOISING,1,0,0,1,0.061139583587646484
920,2024-05-19 01:38:23.719075,RequestStatus.DENOISING,1,0,0,1,0.08606767654418945
921,2024-05-19 01:38:23.782735,RequestStatus.DENOISING,1,0,0,1,0.06128382682800293
922,2024-05-19 01:38:23.930761,RequestStatus.DENOISING,1,0,0,1,0.08224058151245117
923,2024-05-19 01:38:23.966316,RequestStatus.DENOISING,1,0,0,1,0.09105682373046875
924,2024-05-19 01:38:24.131946,RequestStatus.DENOISING,1,0,0,1,0.06828975677490234
925,2024-05-19 01:38:24.139056,RequestStatus.DENOISING,1,0,0,1,0.08942842483520508
926,2024-05-19 01:38:24.201563,RequestStatus.DENOISING,1,0,0,1,0.06175994873046875
927,2024-05-19 01:38:24.333453,RequestStatus.DENOISING,1,0,0,1,0.07730507850646973
928,2024-05-19 01:38:24.370502,RequestStatus.DENOISING,1,0,0,1,0.08690619468688965
929,2024-05-19 01:38:24.536941,RequestStatus.DENOISING,1,0,0,1,0.061692237854003906
930,2024-05-19 01:38:24.544008,RequestStatus.DENOISING,1,0,0,1,0.09104108810424805
931,2024-05-19 01:38:24.607180,RequestStatus.DENOISING,1,0,0,1,0.060825347900390625
932,2024-05-19 01:38:24.766729,RequestStatus.DENOISING,1,0,0,1,0.07855677604675293
933,2024-05-19 01:38:24.777325,RequestStatus.DENOISING,1,0,0,1,0.08397817611694336
934,2024-05-19 01:38:24.845096,RequestStatus.DENOISING,1,0,0,1,0.06488037109375
935,2024-05-19 01:38:25.001927,RequestStatus.DENOISING,1,0,0,1,0.08049559593200684
936,2024-05-19 01:38:25.016203,RequestStatus.DENOISING,1,0,0,1,0.08593535423278809
937,2024-05-19 01:38:25.085150,RequestStatus.DENOISING,1,0,0,1,0.06490540504455566
938,2024-05-19 01:38:25.506479,RequestStatus.DENOISING,5,4,1,0,0.34525632858276367
939,2024-05-19 01:38:25.584490,RequestStatus.DENOISING,5,4,1,0,0.1480848789215088
940,2024-05-19 01:38:25.730194,RequestStatus.POSTPROCESSING,1,0,0,1,0.12329697608947754
941,2024-05-19 01:38:26.157951,RequestStatus.DENOISING,5,4,1,0,0.4264824390411377
942,2024-05-19 01:38:26.231432,RequestStatus.DENOISING,5,4,1,0,0.07797455787658691
943,2024-05-19 01:38:26.389849,RequestStatus.DENOISING,5,4,1,0,0.09843111038208008
944,2024-05-19 01:38:26.439769,RequestStatus.DENOISING,5,4,1,0,0.09385371208190918
945,2024-05-19 01:38:26.622717,RequestStatus.DENOISING,5,4,1,0,0.09039449691772461
946,2024-05-19 01:38:26.649394,RequestStatus.DENOISING,5,4,1,0,0.11104416847229004
947,2024-05-19 01:38:26.835905,RequestStatus.DENOISING,5,4,1,0,0.07625603675842285
948,2024-05-19 01:38:26.858160,RequestStatus.DENOISING,5,4,1,0,0.12439417839050293
949,2024-05-19 01:38:26.935291,RequestStatus.DENOISING,5,4,1,0,0.07437753677368164
950,2024-05-19 01:38:27.071107,RequestStatus.DENOISING,5,4,1,0,0.12645411491394043
951,2024-05-19 01:38:27.146466,RequestStatus.DENOISING,5,4,1,0,0.07635021209716797
952,2024-05-19 01:38:27.282642,RequestStatus.DENOISING,5,4,1,0,0.11633896827697754
953,2024-05-19 01:38:27.349146,RequestStatus.DENOISING,5,4,1,0,0.08155369758605957
954,2024-05-19 01:38:27.496131,RequestStatus.DENOISING,5,4,1,0,0.10566878318786621
955,2024-05-19 01:38:27.554302,RequestStatus.DENOISING,5,4,1,0,0.09462738037109375
956,2024-05-19 01:38:27.714680,RequestStatus.DENOISING,5,4,1,0,0.10052227973937988
957,2024-05-19 01:38:27.760065,RequestStatus.DENOISING,5,4,1,0,0.09938383102416992
958,2024-05-19 01:38:27.939177,RequestStatus.DENOISING,5,4,1,0,0.10160684585571289
959,2024-05-19 01:38:27.969785,RequestStatus.DENOISING,5,4,1,0,0.10323071479797363
960,2024-05-19 01:38:28.240915,RequestStatus.DENOISING,5,4,1,0,0.07875514030456543
961,2024-05-19 01:38:28.264943,RequestStatus.DENOISING,5,4,1,0,0.2107241153717041
962,2024-05-19 01:38:28.500481,RequestStatus.DENOISING,5,4,1,0,0.08941102027893066
963,2024-05-19 01:38:28.521342,RequestStatus.DENOISING,5,4,1,0,0.16081523895263672
964,2024-05-19 01:38:28.595533,RequestStatus.DENOISING,5,4,1,0,0.07144403457641602
965,2024-05-19 01:38:28.727620,RequestStatus.DENOISING,5,4,1,0,0.12537717819213867
966,2024-05-19 01:38:28.804390,RequestStatus.DENOISING,5,4,1,0,0.07871389389038086
967,2024-05-19 01:38:28.947895,RequestStatus.DENOISING,5,4,1,0,0.1160891056060791
968,2024-05-19 01:38:29.015776,RequestStatus.DENOISING,5,4,1,0,0.08343005180358887
969,2024-05-19 01:38:29.165980,RequestStatus.DENOISING,5,4,1,0,0.09539914131164551
970,2024-05-19 01:38:29.219651,RequestStatus.DENOISING,5,4,1,0,0.09263014793395996
971,2024-05-19 01:38:29.388228,RequestStatus.DENOISING,5,4,1,0,0.09677743911743164
972,2024-05-19 01:38:29.432837,RequestStatus.DENOISING,5,4,1,0,0.10761761665344238
973,2024-05-19 01:38:29.622830,RequestStatus.DENOISING,5,4,1,0,0.08889126777648926
974,2024-05-19 01:38:29.645698,RequestStatus.DENOISING,5,4,1,0,0.1115870475769043
975,2024-05-19 01:38:29.721332,RequestStatus.DENOISING,5,4,1,0,0.06938815116882324
976,2024-05-19 01:38:29.865359,RequestStatus.DENOISING,5,4,1,0,0.12295174598693848
977,2024-05-19 01:38:29.932494,RequestStatus.DENOISING,5,4,1,0,0.07579994201660156
978,2024-05-19 01:38:30.084009,RequestStatus.DENOISING,5,4,1,0,0.10641288757324219
979,2024-05-19 01:38:30.134942,RequestStatus.DENOISING,5,4,1,0,0.08308529853820801
980,2024-05-19 01:38:30.305834,RequestStatus.DENOISING,5,4,1,0,0.0933847427368164
981,2024-05-19 01:38:30.343150,RequestStatus.DENOISING,5,4,1,0,0.10665106773376465
982,2024-05-19 01:38:30.514595,RequestStatus.DENOISING,5,4,1,0,0.08005666732788086
983,2024-05-19 01:38:30.545839,RequestStatus.DENOISING,5,4,1,0,0.1117866039276123
984,2024-05-19 01:38:30.734704,RequestStatus.DENOISING,5,4,1,0,0.07952284812927246
985,2024-05-19 01:38:30.751010,RequestStatus.DENOISING,5,4,1,0,0.12050056457519531
986,2024-05-19 01:38:30.830890,RequestStatus.DENOISING,5,4,1,0,0.07699871063232422
987,2024-05-19 01:38:30.979769,RequestStatus.DENOISING,5,4,1,0,0.13418102264404297
988,2024-05-19 01:38:31.188390,RequestStatus.DENOISING,5,4,1,0,0.17899417877197266
989,2024-05-19 01:38:31.408679,RequestStatus.DENOISING,5,4,1,0,0.08253264427185059
990,2024-05-19 01:38:31.432250,RequestStatus.POSTPROCESSING,4,4,0,0,0.15603876113891602
991,2024-05-19 01:38:31.654577,RequestStatus.POSTPROCESSING,1,0,1,0,0.12708115577697754
992,2024-05-19 01:38:31.868520,RequestStatus.DENOISING,1,0,1,0,0.08582758903503418
993,2024-05-19 01:38:31.877068,RequestStatus.DENOISING,1,0,1,0,0.08286714553833008
994,2024-05-19 01:38:31.931353,RequestStatus.DENOISING,1,0,1,0,0.055021047592163086
995,2024-05-19 01:38:32.064233,RequestStatus.DENOISING,1,0,1,0,0.05610251426696777
996,2024-05-19 01:38:32.082357,RequestStatus.DENOISING,1,0,1,0,0.08525681495666504
997,2024-05-19 01:38:32.137030,RequestStatus.DENOISING,1,0,1,0,0.0506281852722168
998,2024-05-19 01:38:32.271769,RequestStatus.DENOISING,1,0,1,0,0.0672769546508789
999,2024-05-19 01:38:32.287642,RequestStatus.DENOISING,1,0,1,0,0.07770490646362305
1000,2024-05-19 01:38:32.342086,RequestStatus.DENOISING,1,0,1,0,0.04833197593688965
1001,2024-05-19 01:38:32.493788,RequestStatus.DENOISING,1,0,1,0,0.0655970573425293
1002,2024-05-19 01:38:32.503726,RequestStatus.DENOISING,1,0,1,0,0.08908319473266602
1003,2024-05-19 01:38:32.559535,RequestStatus.DENOISING,1,0,1,0,0.05302071571350098
1004,2024-05-19 01:38:32.709689,RequestStatus.DENOISING,1,0,1,0,0.062331438064575195
1005,2024-05-19 01:38:32.719992,RequestStatus.DENOISING,1,0,1,0,0.07240700721740723
1006,2024-05-19 01:38:32.772942,RequestStatus.DENOISING,1,0,1,0,0.055600643157958984
1007,2024-05-19 01:38:32.918749,RequestStatus.DENOISING,1,0,1,0,0.07767009735107422
1008,2024-05-19 01:38:32.940497,RequestStatus.DENOISING,1,0,1,0,0.08034634590148926
1009,2024-05-19 01:38:32.990329,RequestStatus.DENOISING,1,0,1,0,0.0528566837310791
1010,2024-05-19 01:38:33.123231,RequestStatus.DENOISING,1,0,1,0,0.07607913017272949
1011,2024-05-19 01:38:33.148498,RequestStatus.DENOISING,1,0,1,0,0.07591438293457031
1012,2024-05-19 01:38:33.200439,RequestStatus.DENOISING,1,0,1,0,0.04807758331298828
1013,2024-05-19 01:38:33.335876,RequestStatus.DENOISING,1,0,1,0,0.07695269584655762
1014,2024-05-19 01:38:33.363657,RequestStatus.DENOISING,1,0,1,0,0.0802767276763916
1015,2024-05-19 01:38:33.415590,RequestStatus.DENOISING,1,0,1,0,0.049147605895996094
1016,2024-05-19 01:38:33.562492,RequestStatus.DENOISING,1,0,1,0,0.0794382095336914
1017,2024-05-19 01:38:33.581082,RequestStatus.DENOISING,1,0,1,0,0.08128881454467773
1018,2024-05-19 01:38:33.633538,RequestStatus.DENOISING,1,0,1,0,0.049799203872680664
1019,2024-05-19 01:38:33.768220,RequestStatus.DENOISING,1,0,1,0,0.0766291618347168
1020,2024-05-19 01:38:33.792790,RequestStatus.DENOISING,1,0,1,0,0.07638978958129883
1021,2024-05-19 01:38:34.041086,RequestStatus.DENOISING,1,0,1,0,0.17189431190490723
1022,2024-05-19 01:38:34.059140,RequestStatus.DENOISING,1,0,1,0,0.06525349617004395
1023,2024-05-19 01:38:34.115274,RequestStatus.DENOISING,1,0,1,0,0.06507182121276855
1024,2024-05-19 01:38:34.296787,RequestStatus.DENOISING,1,0,1,0,0.11388707160949707
1025,2024-05-19 01:38:34.315480,RequestStatus.DENOISING,1,0,1,0,0.0780942440032959
1026,2024-05-19 01:38:34.372413,RequestStatus.DENOISING,1,0,1,0,0.05415534973144531
1027,2024-05-19 01:38:34.499872,RequestStatus.DENOISING,1,0,1,0,0.07828950881958008
1028,2024-05-19 01:38:34.536625,RequestStatus.DENOISING,1,0,1,0,0.08122825622558594
1029,2024-05-19 01:38:34.592183,RequestStatus.DENOISING,1,0,1,0,0.05284833908081055
1030,2024-05-19 01:38:34.691846,RequestStatus.DENOISING,1,0,1,0,0.08864212036132812
1031,2024-05-19 01:38:34.744961,RequestStatus.DENOISING,1,0,1,0,0.04884839057922363
1032,2024-05-19 01:38:34.892792,RequestStatus.DENOISING,1,0,1,0,0.061754703521728516
1033,2024-05-19 01:38:34.904346,RequestStatus.DENOISING,1,0,1,0,0.09190511703491211
1034,2024-05-19 01:38:34.957337,RequestStatus.DENOISING,1,0,1,0,0.049490928649902344
1035,2024-05-19 01:38:35.108547,RequestStatus.DENOISING,1,0,1,0,0.0634763240814209
1036,2024-05-19 01:38:35.116034,RequestStatus.DENOISING,1,0,1,0,0.07579374313354492
1037,2024-05-19 01:38:35.166298,RequestStatus.DENOISING,1,0,1,0,0.050347089767456055
1038,2024-05-19 01:38:35.311194,RequestStatus.DENOISING,1,0,1,0,0.05870389938354492
1039,2024-05-19 01:38:35.320773,RequestStatus.DENOISING,1,0,1,0,0.09090113639831543
1040,2024-05-19 01:38:35.372980,RequestStatus.DENOISING,1,0,1,0,0.04944109916687012
1041,2024-05-19 01:38:35.524268,RequestStatus.DENOISING,1,0,1,0,0.05783200263977051
1042,2024-05-19 01:38:35.529520,RequestStatus.DENOISING,1,0,1,0,0.08225727081298828
1043,2024-05-19 01:38:35.536006,RequestStatus.EMPTY,0,0,0,0,None
1044,2024-05-19 01:38:35.585894,RequestStatus.POSTPROCESSING,1,0,1,0,0.045789480209350586
