step_count,timestamp,status,num_scheduled_reqs,num_req_of_512,num_req_of_768,num_req_of_1024,step_worker_time_consumption
2,2024-05-18 04:45:34.742960,RequestStatus.EMPTY,0,0,0,0,None
3,2024-05-18 04:45:37.687759,RequestStatus.PREPARE,1,0,0,1,2.920551300048828
4,2024-05-18 04:45:38.312039,RequestStatus.DENOISING,1,0,0,1,0.590381383895874
5,2024-05-18 04:45:38.543023,RequestStatus.DENOISING,1,0,0,1,0.21471691131591797
6,2024-05-18 04:45:38.784722,RequestStatus.DENOISING,1,0,0,1,0.15393495559692383
7,2024-05-18 04:45:40.985107,RequestStatus.DENOISING,1,0,0,1,0.6187598705291748
8,2024-05-18 04:45:41.390036,RequestStatus.DENOISING,2,0,1,1,0.3894684314727783
9,2024-05-18 04:45:41.753182,RequestStatus.DENOISING,2,0,1,1,0.28411316871643066
10,2024-05-18 04:45:42.154766,RequestStatus.DENOISING,2,0,1,1,0.47846198081970215
11,2024-05-18 04:45:42.582548,RequestStatus.DENOISING,2,0,1,1,0.3125338554382324
12,2024-05-18 04:45:42.782361,RequestStatus.DENOISING,2,0,1,1,0.2986176013946533
13,2024-05-18 04:45:43.048041,RequestStatus.DENOISING,2,0,1,1,0.27137231826782227
14,2024-05-18 04:45:43.410603,RequestStatus.DENOISING,2,0,1,1,0.28433823585510254
15,2024-05-18 04:45:43.621600,RequestStatus.DENOISING,2,0,1,1,0.2818152904510498
16,2024-05-18 04:45:43.891099,RequestStatus.DENOISING,2,0,1,1,0.2720518112182617
17,2024-05-18 04:45:44.280642,RequestStatus.DENOISING,2,0,1,1,0.2736203670501709
18,2024-05-18 04:45:44.486561,RequestStatus.DENOISING,2,0,1,1,0.2957620620727539
19,2024-05-18 04:45:44.749136,RequestStatus.DENOISING,2,0,1,1,0.2744266986846924
20,2024-05-18 04:45:47.101692,RequestStatus.DENOISING,2,0,1,1,0.8353631496429443
21,2024-05-18 04:45:47.589402,RequestStatus.DENOISING,3,0,1,2,0.47966933250427246
22,2024-05-18 04:45:48.329103,RequestStatus.DENOISING,3,0,1,2,0.6563174724578857
23,2024-05-18 04:45:48.757642,RequestStatus.DENOISING,3,0,1,2,0.4496603012084961
24,2024-05-18 04:45:49.158240,RequestStatus.DENOISING,3,0,1,2,0.43743062019348145
25,2024-05-18 04:45:49.584063,RequestStatus.DENOISING,3,0,1,2,0.43114781379699707
26,2024-05-18 04:45:50.016072,RequestStatus.DENOISING,3,0,1,2,0.4249553680419922
27,2024-05-18 04:45:50.454421,RequestStatus.DENOISING,3,0,1,2,0.43943285942077637
28,2024-05-18 04:45:51.023108,RequestStatus.DENOISING,3,0,1,2,0.5667943954467773
29,2024-05-18 04:45:51.475455,RequestStatus.DENOISING,3,0,1,2,0.447293758392334
30,2024-05-18 04:45:53.810348,RequestStatus.DENOISING,3,0,1,2,0.701216459274292
31,2024-05-18 04:45:54.541222,RequestStatus.DENOISING,4,0,1,3,0.8700358867645264
32,2024-05-18 04:45:55.160425,RequestStatus.DENOISING,4,0,1,3,0.6166341304779053
33,2024-05-18 04:45:55.801791,RequestStatus.DENOISING,4,0,1,3,0.6138107776641846
34,2024-05-18 04:45:56.426897,RequestStatus.DENOISING,4,0,1,3,0.6311361789703369
35,2024-05-18 04:45:57.195106,RequestStatus.DENOISING,4,0,1,3,0.7808883190155029
36,2024-05-18 04:45:57.819194,RequestStatus.DENOISING,4,0,1,3,0.6195659637451172
37,2024-05-18 04:45:58.467276,RequestStatus.DENOISING,4,0,1,3,0.6237673759460449
38,2024-05-18 04:46:00.867120,RequestStatus.DENOISING,4,0,1,3,0.845287561416626
39,2024-05-18 04:46:01.570112,RequestStatus.DENOISING,5,1,1,3,0.690140962600708
40,2024-05-18 04:46:02.378319,RequestStatus.DENOISING,5,1,1,3,0.6653742790222168
41,2024-05-18 04:46:04.746771,RequestStatus.DENOISING,5,1,1,3,1.1496376991271973
42,2024-05-18 04:46:07.271106,RequestStatus.DENOISING,6,1,2,3,1.4810428619384766
43,2024-05-18 04:46:08.145356,RequestStatus.DENOISING,7,1,3,3,0.8702449798583984
44,2024-05-18 04:46:13.399294,RequestStatus.DENOISING,7,1,3,3,1.2298400402069092
45,2024-05-18 04:46:15.958143,RequestStatus.DENOISING,8,1,4,3,1.6108121871948242
46,2024-05-18 04:46:17.084818,RequestStatus.DENOISING,8,1,4,3,0.933835506439209
47,2024-05-18 04:46:19.442396,RequestStatus.DENOISING,8,1,4,3,1.356553316116333
48,2024-05-18 04:46:23.007478,RequestStatus.DENOISING,8,1,4,3,1.3531668186187744
49,2024-05-18 04:46:24.140050,RequestStatus.DENOISING,8,1,4,3,1.1079680919647217
50,2024-05-18 04:46:25.083927,RequestStatus.DENOISING,8,1,4,3,0.9427850246429443
51,2024-05-18 04:46:28.655120,RequestStatus.DENOISING,8,1,4,3,1.2632100582122803
52,2024-05-18 04:46:29.840223,RequestStatus.DENOISING,8,1,4,3,1.0923728942871094
53,2024-05-18 04:46:30.728374,RequestStatus.DENOISING,8,1,4,3,0.964991569519043
54,2024-05-18 04:46:34.140196,RequestStatus.POSTPROCESSING,1,0,0,1,0.595728874206543
55,2024-05-18 04:46:35.770655,RequestStatus.DENOISING,7,1,4,2,1.6279301643371582
56,2024-05-18 04:46:36.609642,RequestStatus.DENOISING,7,1,4,2,0.7562334537506104
57,2024-05-18 04:46:37.299192,RequestStatus.DENOISING,7,1,4,2,0.7620697021484375
58,2024-05-18 04:46:38.234466,RequestStatus.DENOISING,7,1,4,2,0.8960554599761963
59,2024-05-18 04:46:38.515465,RequestStatus.POSTPROCESSING,1,0,1,0,0.2469162940979004
60,2024-05-18 04:46:39.573046,RequestStatus.DENOISING,6,1,3,2,1.0782129764556885
61,2024-05-18 04:46:40.260702,RequestStatus.DENOISING,6,1,3,2,0.6895081996917725
62,2024-05-18 04:46:42.768011,RequestStatus.DENOISING,6,1,3,2,1.0677616596221924
63,2024-05-18 04:46:45.157451,RequestStatus.DENOISING,6,1,3,2,0.9378423690795898
64,2024-05-18 04:46:45.850393,RequestStatus.DENOISING,6,1,3,2,0.6793906688690186
65,2024-05-18 04:46:46.510158,RequestStatus.DENOISING,6,1,3,2,0.6940536499023438
66,2024-05-18 04:46:47.432730,RequestStatus.DENOISING,6,1,3,2,0.8487768173217773
67,2024-05-18 04:46:49.622105,RequestStatus.DENOISING,6,1,3,2,0.9355125427246094
68,2024-05-18 04:46:50.482613,RequestStatus.DENOISING,6,1,3,2,0.822577953338623
69,2024-05-18 04:46:51.147208,RequestStatus.DENOISING,6,1,3,2,0.6823620796203613
70,2024-05-18 04:46:53.599195,RequestStatus.DENOISING,6,1,3,2,0.8911750316619873
71,2024-05-18 04:46:54.365793,RequestStatus.DENOISING,6,1,3,2,0.6904740333557129
72,2024-05-18 04:46:54.996532,RequestStatus.DENOISING,6,1,3,2,0.6930110454559326
73,2024-05-18 04:46:57.308946,RequestStatus.POSTPROCESSING,1,0,0,1,0.36461687088012695
74,2024-05-18 04:46:58.440948,RequestStatus.DENOISING,5,1,3,1,1.1422739028930664
75,2024-05-18 04:46:59.085199,RequestStatus.DENOISING,5,1,3,1,0.6814260482788086
76,2024-05-18 04:47:01.266134,RequestStatus.DENOISING,5,1,3,1,0.8066143989562988
77,2024-05-18 04:47:01.912087,RequestStatus.DENOISING,5,1,3,1,0.6387138366699219
78,2024-05-18 04:47:02.519985,RequestStatus.DENOISING,5,1,3,1,0.5295698642730713
79,2024-05-18 04:47:04.803799,RequestStatus.DENOISING,5,1,3,1,0.8029935359954834
80,2024-05-18 04:47:05.324052,RequestStatus.DENOISING,5,1,3,1,0.5038363933563232
81,2024-05-18 04:47:05.968243,RequestStatus.DENOISING,5,1,3,1,0.49504971504211426
82,2024-05-18 04:47:08.258118,RequestStatus.DENOISING,5,1,3,1,0.805626630783081
83,2024-05-18 04:47:08.753118,RequestStatus.DENOISING,5,1,3,1,0.485210657119751
84,2024-05-18 04:47:09.314388,RequestStatus.POSTPROCESSING,1,0,0,1,0.33434057235717773
85,2024-05-18 04:47:12.155264,RequestStatus.DENOISING,4,1,3,0,1.7143409252166748
86,2024-05-18 04:47:12.456064,RequestStatus.DENOISING,4,1,3,0,0.3222005367279053
87,2024-05-18 04:47:14.815273,RequestStatus.DENOISING,4,1,3,0,0.6765611171722412
88,2024-05-18 04:47:15.226675,RequestStatus.DENOISING,4,1,3,0,0.31873655319213867
89,2024-05-18 04:47:15.482877,RequestStatus.DENOISING,4,1,3,0,0.337613582611084
90,2024-05-18 04:47:18.942902,RequestStatus.DENOISING,4,1,3,0,0.6598258018493652
91,2024-05-18 04:47:19.519388,RequestStatus.DENOISING,4,1,3,0,0.31298112869262695
92,2024-05-18 04:47:19.812097,RequestStatus.DENOISING,4,1,3,0,0.5402233600616455
93,2024-05-18 04:47:23.058203,RequestStatus.POSTPROCESSING,1,1,0,0,0.19958233833312988
94,2024-05-18 04:47:23.550919,RequestStatus.DENOISING,3,0,3,0,0.29315781593322754
95,2024-05-18 04:47:23.786383,RequestStatus.DENOISING,3,0,3,0,0.2248828411102295
96,2024-05-18 04:47:28.724377,RequestStatus.DENOISING,3,0,3,0,0.4088888168334961
97,2024-05-18 04:47:28.940537,RequestStatus.POSTPROCESSING,1,0,1,0,0.18365883827209473
98,2024-05-18 04:47:29.476424,RequestStatus.DENOISING,2,0,2,0,0.43928098678588867
99,2024-05-18 04:47:35.567543,RequestStatus.POSTPROCESSING,1,0,1,0,0.21243619918823242
100,2024-05-18 04:47:36.025342,RequestStatus.DENOISING,1,0,1,0,0.5139460563659668
101,2024-05-18 04:47:36.191589,RequestStatus.DENOISING,1,0,1,0,0.16462397575378418
102,2024-05-18 04:47:38.473487,RequestStatus.POSTPROCESSING,1,0,1,0,0.21230530738830566
103,2024-05-18 04:47:38.953879,RequestStatus.DENOISING,1,0,0,1,0.48314571380615234
104,2024-05-18 04:47:39.137117,RequestStatus.DENOISING,1,0,0,1,0.17401981353759766
105,2024-05-18 04:47:41.446233,RequestStatus.DENOISING,1,0,0,1,0.3737354278564453
106,2024-05-18 04:47:41.654850,RequestStatus.DENOISING,1,0,0,1,0.15383172035217285
107,2024-05-18 04:47:41.754970,RequestStatus.DENOISING,1,0,0,1,0.1731860637664795
108,2024-05-18 04:47:44.038089,RequestStatus.DENOISING,1,0,0,1,0.4256777763366699
109,2024-05-18 04:47:44.222090,RequestStatus.DENOISING,1,0,0,1,0.1740121841430664
110,2024-05-18 04:47:44.392294,RequestStatus.DENOISING,1,0,0,1,0.16281628608703613
111,2024-05-18 04:47:44.592453,RequestStatus.DENOISING,1,0,0,1,0.1480846405029297
112,2024-05-18 04:47:44.808449,RequestStatus.DENOISING,1,0,0,1,0.161545991897583
113,2024-05-18 04:47:44.887668,RequestStatus.DENOISING,1,0,0,1,0.18095850944519043
114,2024-05-18 04:47:45.068408,RequestStatus.DENOISING,1,0,0,1,0.1760408878326416
115,2024-05-18 04:47:45.240073,RequestStatus.DENOISING,1,0,0,1,0.1636810302734375
116,2024-05-18 04:47:45.434684,RequestStatus.DENOISING,1,0,0,1,0.14699721336364746
117,2024-05-18 04:47:45.645708,RequestStatus.DENOISING,1,0,0,1,0.16294288635253906
118,2024-05-18 04:47:45.735170,RequestStatus.DENOISING,1,0,0,1,0.176025390625
119,2024-05-18 04:47:46.103375,RequestStatus.DENOISING,1,0,0,1,0.36298441886901855
120,2024-05-18 04:47:46.311111,RequestStatus.DENOISING,1,0,0,1,0.20630717277526855
121,2024-05-18 04:47:46.500358,RequestStatus.DENOISING,1,0,0,1,0.18831539154052734
122,2024-05-18 04:47:46.679726,RequestStatus.DENOISING,1,0,0,1,0.1659228801727295
123,2024-05-18 04:47:46.868490,RequestStatus.DENOISING,1,0,0,1,0.14864182472229004
124,2024-05-18 04:47:47.075879,RequestStatus.DENOISING,1,0,0,1,0.16525793075561523
125,2024-05-18 04:47:47.165215,RequestStatus.DENOISING,1,0,0,1,0.17164039611816406
126,2024-05-18 04:47:47.351929,RequestStatus.DENOISING,1,0,0,1,0.1796877384185791
127,2024-05-18 04:47:47.519117,RequestStatus.DENOISING,1,0,0,1,0.16532683372497559
128,2024-05-18 04:47:47.729788,RequestStatus.DENOISING,1,0,0,1,0.15031218528747559
129,2024-05-18 04:47:47.945367,RequestStatus.DENOISING,1,0,0,1,0.16692352294921875
130,2024-05-18 04:47:48.017707,RequestStatus.DENOISING,1,0,0,1,0.17647790908813477
131,2024-05-18 04:47:48.204105,RequestStatus.DENOISING,1,0,0,1,0.18271136283874512
132,2024-05-18 04:47:48.389180,RequestStatus.DENOISING,1,0,0,1,0.162550687789917
133,2024-05-18 04:47:50.740145,RequestStatus.DENOISING,1,0,0,1,0.3859431743621826
134,2024-05-18 04:47:51.004231,RequestStatus.DENOISING,1,0,0,1,0.17973756790161133
135,2024-05-18 04:47:53.318159,RequestStatus.DENOISING,1,0,0,1,0.41865992546081543
136,2024-05-18 04:47:53.518464,RequestStatus.DENOISING,1,0,0,1,0.15224003791809082
137,2024-05-18 04:47:53.617333,RequestStatus.DENOISING,1,0,0,1,0.16967439651489258
138,2024-05-18 04:47:53.809445,RequestStatus.DENOISING,1,0,0,1,0.1850264072418213
139,2024-05-18 04:47:53.982223,RequestStatus.DENOISING,1,0,0,1,0.16744470596313477
140,2024-05-18 04:47:54.183127,RequestStatus.DENOISING,1,0,0,1,0.14972805976867676
141,2024-05-18 04:47:54.382117,RequestStatus.DENOISING,1,0,0,1,0.1583561897277832
142,2024-05-18 04:47:54.465578,RequestStatus.DENOISING,1,0,0,1,0.17240071296691895
143,2024-05-18 04:47:54.644038,RequestStatus.DENOISING,1,0,0,1,0.17471861839294434
144,2024-05-18 04:47:55.038707,RequestStatus.DENOISING,1,0,0,1,0.3792757987976074
145,2024-05-18 04:47:55.237059,RequestStatus.DENOISING,1,0,0,1,0.20323395729064941
146,2024-05-18 04:47:55.443161,RequestStatus.DENOISING,1,0,0,1,0.14614057540893555
147,2024-05-18 04:47:55.637283,RequestStatus.DENOISING,1,0,0,1,0.16268706321716309
148,2024-05-18 04:47:55.730060,RequestStatus.DENOISING,1,0,0,1,0.17459368705749512
149,2024-05-18 04:47:55.924217,RequestStatus.DENOISING,1,0,0,1,0.19010353088378906
150,2024-05-18 04:47:56.101088,RequestStatus.DENOISING,1,0,0,1,0.17517995834350586
151,2024-05-18 04:47:56.293338,RequestStatus.DENOISING,1,0,0,1,0.14798712730407715
152,2024-05-18 04:47:56.524016,RequestStatus.DENOISING,1,0,0,1,0.15804362297058105
153,2024-05-18 04:47:56.756812,RequestStatus.POSTPROCESSING,1,0,0,1,0.3335239887237549
154,2024-05-18 04:47:57.398775,RequestStatus.DENOISING,1,0,1,0,0.641279935836792
155,2024-05-18 04:47:57.562421,RequestStatus.DENOISING,1,0,1,0,0.15595245361328125
156,2024-05-18 04:47:57.919987,RequestStatus.DENOISING,1,0,1,0,0.3180501461029053
157,2024-05-18 04:47:58.141273,RequestStatus.DENOISING,1,0,1,0,0.14574265480041504
158,2024-05-18 04:47:58.211298,RequestStatus.DENOISING,1,0,1,0,0.18364882469177246
159,2024-05-18 04:47:58.380780,RequestStatus.DENOISING,1,0,1,0,0.1661667823791504
160,2024-05-18 04:47:58.559842,RequestStatus.DENOISING,1,0,1,0,0.13493037223815918
161,2024-05-18 04:47:58.780418,RequestStatus.DENOISING,1,0,1,0,0.13040447235107422
162,2024-05-18 04:47:58.834276,RequestStatus.DENOISING,1,0,1,0,0.16643071174621582
163,2024-05-18 04:47:58.996857,RequestStatus.DENOISING,1,0,1,0,0.15856695175170898
164,2024-05-18 04:47:59.210660,RequestStatus.DENOISING,1,0,1,0,0.11675548553466797
165,2024-05-18 04:47:59.273553,RequestStatus.DENOISING,1,0,1,0,0.15175580978393555
166,2024-05-18 04:47:59.440047,RequestStatus.DENOISING,1,0,1,0,0.16251707077026367
167,2024-05-18 04:47:59.677005,RequestStatus.DENOISING,1,0,1,0,0.11817169189453125
168,2024-05-18 04:47:59.723596,RequestStatus.DENOISING,1,0,1,0,0.16259431838989258
169,2024-05-18 04:47:59.930802,RequestStatus.DENOISING,1,0,1,0,0.17005467414855957
170,2024-05-18 04:48:00.028311,RequestStatus.DENOISING,1,0,1,0,0.12957382202148438
171,2024-05-18 04:48:00.201542,RequestStatus.DENOISING,1,0,1,0,0.16303706169128418
172,2024-05-18 04:48:00.364261,RequestStatus.DENOISING,1,0,1,0,0.16031455993652344
173,2024-05-18 04:48:02.715757,RequestStatus.DENOISING,1,0,1,0,0.5876774787902832
174,2024-05-18 04:48:02.895140,RequestStatus.DENOISING,1,0,1,0,0.17716765403747559
175,2024-05-18 04:48:03.077869,RequestStatus.DENOISING,1,0,1,0,0.14894723892211914
176,2024-05-18 04:48:03.172741,RequestStatus.DENOISING,1,0,1,0,0.12656211853027344
177,2024-05-18 04:48:03.345088,RequestStatus.DENOISING,1,0,1,0,0.16779685020446777
178,2024-05-18 04:48:03.528822,RequestStatus.DENOISING,1,0,1,0,0.14485931396484375
179,2024-05-18 04:48:03.853550,RequestStatus.DENOISING,1,0,1,0,0.32835984230041504
180,2024-05-18 04:48:04.180216,RequestStatus.DENOISING,1,0,1,0,0.13884377479553223
181,2024-05-18 04:48:06.147217,RequestStatus.DENOISING,1,0,1,0,0.44803452491760254
182,2024-05-18 04:48:06.400199,RequestStatus.DENOISING,1,0,1,0,0.12565851211547852
183,2024-05-18 04:48:08.640147,RequestStatus.DENOISING,1,0,1,0,0.5863957405090332
184,2024-05-18 04:48:11.005165,RequestStatus.DENOISING,1,0,1,0,0.4043281078338623
185,2024-05-18 04:48:11.224218,RequestStatus.DENOISING,1,0,1,0,0.1334681510925293
186,2024-05-18 04:48:11.308026,RequestStatus.DENOISING,1,0,1,0,0.15172934532165527
187,2024-05-18 04:48:13.749174,RequestStatus.DENOISING,1,0,1,0,0.393674373626709
188,2024-05-18 04:48:13.819205,RequestStatus.DENOISING,1,0,1,0,0.16548609733581543
189,2024-05-18 04:48:13.991848,RequestStatus.DENOISING,1,0,1,0,0.16579031944274902
190,2024-05-18 04:48:16.362249,RequestStatus.DENOISING,1,0,1,0,0.36911845207214355
191,2024-05-18 04:48:16.586788,RequestStatus.DENOISING,1,0,1,0,0.1338062286376953
192,2024-05-18 04:48:16.643617,RequestStatus.DENOISING,1,0,1,0,0.16483426094055176
193,2024-05-18 04:48:19.983103,RequestStatus.DENOISING,1,0,1,0,0.40146350860595703
194,2024-05-18 04:48:20.164234,RequestStatus.DENOISING,1,0,1,0,0.16228127479553223
195,2024-05-18 04:48:20.426984,RequestStatus.DENOISING,1,0,1,0,0.11774492263793945
196,2024-05-18 04:48:22.556080,RequestStatus.DENOISING,1,0,1,0,0.4124317169189453
197,2024-05-18 04:48:22.739814,RequestStatus.DENOISING,1,0,1,0,0.15931963920593262
198,2024-05-18 04:48:22.953989,RequestStatus.DENOISING,1,0,1,0,0.13775348663330078
199,2024-05-18 04:48:23.019088,RequestStatus.DENOISING,1,0,1,0,0.15224170684814453
200,2024-05-18 04:48:23.186104,RequestStatus.DENOISING,1,0,1,0,0.15885353088378906
201,2024-05-18 04:48:23.363867,RequestStatus.DENOISING,1,0,1,0,0.1293020248413086
202,2024-05-18 04:48:23.455836,RequestStatus.DENOISING,1,0,1,0,0.1380324363708496
203,2024-05-18 04:48:23.621596,RequestStatus.DENOISING,1,0,1,0,0.16189312934875488
204,2024-05-18 04:48:23.820551,RequestStatus.POSTPROCESSING,1,0,1,0,0.18445372581481934
205,2024-05-18 04:48:24.814218,RequestStatus.DENOISING,4,2,0,2,0.996192216873169
206,2024-05-18 04:48:25.221627,RequestStatus.DENOISING,4,2,0,2,0.40158557891845703
207,2024-05-18 04:48:25.686702,RequestStatus.DENOISING,4,2,0,2,0.3852722644805908
208,2024-05-18 04:48:26.003431,RequestStatus.DENOISING,4,2,0,2,0.3919792175292969
209,2024-05-18 04:48:26.402113,RequestStatus.DENOISING,4,2,0,2,0.39836597442626953
210,2024-05-18 04:48:26.800270,RequestStatus.DENOISING,4,2,0,2,0.3978581428527832
211,2024-05-18 04:48:27.442243,RequestStatus.DENOISING,4,2,0,2,0.5671346187591553
212,2024-05-18 04:48:27.849652,RequestStatus.DENOISING,4,2,0,2,0.43667030334472656
213,2024-05-18 04:48:28.286453,RequestStatus.DENOISING,4,2,0,2,0.40513014793395996
214,2024-05-18 04:48:28.729260,RequestStatus.DENOISING,4,2,0,2,0.4150278568267822
215,2024-05-18 04:48:29.037747,RequestStatus.DENOISING,4,2,0,2,0.3823831081390381
216,2024-05-18 04:48:29.440481,RequestStatus.DENOISING,4,2,0,2,0.39908838272094727
217,2024-05-18 04:48:29.843712,RequestStatus.DENOISING,4,2,0,2,0.39960432052612305
218,2024-05-18 04:48:32.310530,RequestStatus.DENOISING,4,2,0,2,0.8836441040039062
219,2024-05-18 04:48:32.617358,RequestStatus.DENOISING,4,2,0,2,0.4023432731628418
220,2024-05-18 04:48:33.024412,RequestStatus.DENOISING,4,2,0,2,0.4062349796295166
221,2024-05-18 04:48:33.588674,RequestStatus.DENOISING,4,2,0,2,0.5403628349304199
222,2024-05-18 04:48:35.843874,RequestStatus.DENOISING,4,2,0,2,0.7381248474121094
223,2024-05-18 04:48:36.424700,RequestStatus.DENOISING,4,2,0,2,0.5928609371185303
224,2024-05-18 04:48:36.791915,RequestStatus.DENOISING,4,2,0,2,0.4310314655303955
225,2024-05-18 04:48:39.004705,RequestStatus.DENOISING,4,2,0,2,0.694054365158081
226,2024-05-18 04:48:39.518091,RequestStatus.DENOISING,4,2,0,2,0.5796113014221191
227,2024-05-18 04:48:40.028411,RequestStatus.DENOISING,4,2,0,2,0.48218417167663574
228,2024-05-18 04:48:40.478542,RequestStatus.DENOISING,4,2,0,2,0.39945411682128906
229,2024-05-18 04:48:40.922783,RequestStatus.DENOISING,4,2,0,2,0.40232300758361816
230,2024-05-18 04:48:41.211148,RequestStatus.DENOISING,4,2,0,2,0.39108943939208984
231,2024-05-18 04:48:41.613031,RequestStatus.DENOISING,4,2,0,2,0.3982877731323242
232,2024-05-18 04:48:42.028049,RequestStatus.DENOISING,4,2,0,2,0.40547800064086914
233,2024-05-18 04:48:42.660049,RequestStatus.DENOISING,4,2,0,2,0.6275548934936523
234,2024-05-18 04:48:43.056424,RequestStatus.DENOISING,4,2,0,2,0.3976278305053711
235,2024-05-18 04:48:43.465979,RequestStatus.DENOISING,4,2,0,2,0.40077972412109375
236,2024-05-18 04:48:43.890420,RequestStatus.DENOISING,4,2,0,2,0.41579556465148926
237,2024-05-18 04:48:44.321073,RequestStatus.DENOISING,4,2,0,2,0.40047574043273926
238,2024-05-18 04:48:44.750711,RequestStatus.DENOISING,4,2,0,2,0.3998270034790039
239,2024-05-18 04:48:45.324994,RequestStatus.DENOISING,4,2,0,2,0.5774562358856201
240,2024-05-18 04:48:45.692352,RequestStatus.DENOISING,4,2,0,2,0.42404937744140625
241,2024-05-18 04:48:46.109826,RequestStatus.DENOISING,4,2,0,2,0.40262269973754883
242,2024-05-18 04:48:46.525591,RequestStatus.DENOISING,4,2,0,2,0.41078829765319824
243,2024-05-18 04:48:46.932053,RequestStatus.DENOISING,4,2,0,2,0.3995637893676758
244,2024-05-18 04:48:47.336051,RequestStatus.DENOISING,4,2,0,2,0.40775084495544434
245,2024-05-18 04:48:47.776655,RequestStatus.DENOISING,4,2,0,2,0.4069802761077881
246,2024-05-18 04:48:48.303392,RequestStatus.DENOISING,4,2,0,2,0.5473806858062744
247,2024-05-18 04:48:48.798404,RequestStatus.DENOISING,4,2,0,2,0.41733551025390625
248,2024-05-18 04:48:49.236220,RequestStatus.DENOISING,4,2,0,2,0.40712404251098633
249,2024-05-18 04:48:49.535966,RequestStatus.DENOISING,4,2,0,2,0.3919806480407715
250,2024-05-18 04:48:49.933328,RequestStatus.DENOISING,4,2,0,2,0.39231228828430176
251,2024-05-18 04:48:50.326239,RequestStatus.DENOISING,4,2,0,2,0.3923773765563965
252,2024-05-18 04:48:50.734111,RequestStatus.DENOISING,4,2,0,2,0.4008471965789795
253,2024-05-18 04:48:51.284068,RequestStatus.DENOISING,4,2,0,2,0.5449457168579102
254,2024-05-18 04:48:51.711156,RequestStatus.DENOISING,4,2,0,2,0.4262559413909912
255,2024-05-18 04:48:52.594268,RequestStatus.POSTPROCESSING,2,0,0,2,0.8643336296081543
256,2024-05-18 04:48:53.786417,RequestStatus.POSTPROCESSING,2,2,0,0,1.1823294162750244
257,2024-05-18 04:48:54.540689,RequestStatus.DENOISING,1,1,0,0,0.7516074180603027
258,2024-05-18 04:48:56.636765,RequestStatus.DENOISING,1,1,0,0,0.3834078311920166
259,2024-05-18 04:48:56.710674,RequestStatus.DENOISING,1,1,0,0,0.14547491073608398
260,2024-05-18 04:48:56.885321,RequestStatus.DENOISING,1,1,0,0,0.16326332092285156
261,2024-05-18 04:48:59.182132,RequestStatus.DENOISING,1,1,0,0,0.5948748588562012
262,2024-05-18 04:48:59.278953,RequestStatus.DENOISING,1,1,0,0,0.12330365180969238
263,2024-05-18 04:48:59.440067,RequestStatus.DENOISING,1,1,0,0,0.15006709098815918
264,2024-05-18 04:49:01.708297,RequestStatus.DENOISING,1,1,0,0,0.38936328887939453
265,2024-05-18 04:49:01.925907,RequestStatus.DENOISING,1,1,0,0,0.1331956386566162
266,2024-05-18 04:49:01.993155,RequestStatus.DENOISING,1,1,0,0,0.14047455787658691
267,2024-05-18 04:49:04.268105,RequestStatus.DENOISING,1,1,0,0,0.3819870948791504
268,2024-05-18 04:49:04.453630,RequestStatus.DENOISING,1,1,0,0,0.12886977195739746
269,2024-05-18 04:49:04.544259,RequestStatus.DENOISING,1,1,0,0,0.1288447380065918
270,2024-05-18 04:49:06.835227,RequestStatus.DENOISING,1,1,0,0,0.40212440490722656
271,2024-05-18 04:49:07.032068,RequestStatus.DENOISING,1,1,0,0,0.12893342971801758
272,2024-05-18 04:49:07.099998,RequestStatus.DENOISING,1,1,0,0,0.1457812786102295
273,2024-05-18 04:49:09.362104,RequestStatus.DENOISING,1,1,0,0,0.38575124740600586
274,2024-05-18 04:49:09.558948,RequestStatus.DENOISING,1,1,0,0,0.1170809268951416
275,2024-05-18 04:49:09.637072,RequestStatus.DENOISING,1,1,0,0,0.1383349895477295
276,2024-05-18 04:49:11.846194,RequestStatus.DENOISING,1,1,0,0,0.4009408950805664
277,2024-05-18 04:49:12.034047,RequestStatus.DENOISING,1,1,0,0,0.3536717891693115
278,2024-05-18 04:49:12.315162,RequestStatus.DENOISING,1,1,0,0,0.1738114356994629
279,2024-05-18 04:49:14.273167,RequestStatus.DENOISING,1,1,0,0,0.4031362533569336
280,2024-05-18 04:49:14.471473,RequestStatus.DENOISING,1,1,0,0,0.1320326328277588
281,2024-05-18 04:49:14.547483,RequestStatus.DENOISING,1,1,0,0,0.13345885276794434
282,2024-05-18 04:49:14.985767,RequestStatus.DENOISING,1,1,0,0,0.3433210849761963
283,2024-05-18 04:49:15.050223,RequestStatus.DENOISING,1,1,0,0,0.15406107902526855
284,2024-05-18 04:49:15.245319,RequestStatus.DENOISING,1,1,0,0,0.18804121017456055
285,2024-05-18 04:49:15.444289,RequestStatus.DENOISING,1,1,0,0,0.1350400447845459
286,2024-05-18 04:49:15.524012,RequestStatus.DENOISING,1,1,0,0,0.13623046875
287,2024-05-18 04:49:17.620175,RequestStatus.DENOISING,1,1,0,0,0.39212512969970703
288,2024-05-18 04:49:17.935269,RequestStatus.DENOISING,1,1,0,0,0.3587377071380615
289,2024-05-18 04:49:18.186810,RequestStatus.DENOISING,1,1,0,0,0.17687320709228516
290,2024-05-18 04:49:18.255486,RequestStatus.DENOISING,1,1,0,0,0.1341552734375
291,2024-05-18 04:49:18.415055,RequestStatus.DENOISING,1,1,0,0,0.15548157691955566
292,2024-05-18 04:49:18.607778,RequestStatus.DENOISING,1,1,0,0,0.12249755859375
293,2024-05-18 04:49:18.686310,RequestStatus.DENOISING,1,1,0,0,0.13813996315002441
294,2024-05-18 04:49:18.855224,RequestStatus.DENOISING,1,1,0,0,0.1651313304901123
295,2024-05-18 04:49:19.031012,RequestStatus.DENOISING,1,1,0,0,0.12812495231628418
296,2024-05-18 04:49:19.119573,RequestStatus.DENOISING,1,1,0,0,0.1291518211364746
297,2024-05-18 04:49:19.283337,RequestStatus.DENOISING,1,1,0,0,0.15751171112060547
298,2024-05-18 04:49:19.436622,RequestStatus.DENOISING,1,1,0,0,0.1449263095855713
299,2024-05-18 04:49:19.648687,RequestStatus.DENOISING,1,1,0,0,0.11414885520935059
300,2024-05-18 04:49:19.702210,RequestStatus.DENOISING,1,1,0,0,0.1517343521118164
301,2024-05-18 04:49:19.867141,RequestStatus.DENOISING,1,1,0,0,0.1598963737487793
302,2024-05-18 04:49:20.091237,RequestStatus.DENOISING,1,1,0,0,0.1138002872467041
303,2024-05-18 04:49:20.140740,RequestStatus.DENOISING,1,1,0,0,0.15817904472351074
304,2024-05-18 04:49:20.312200,RequestStatus.DENOISING,1,1,0,0,0.14790010452270508
305,2024-05-18 04:49:20.411453,RequestStatus.DENOISING,1,1,0,0,0.1109914779663086
306,2024-05-18 04:49:20.576041,RequestStatus.DENOISING,1,1,0,0,0.15436887741088867
307,2024-05-18 04:49:20.893633,RequestStatus.POSTPROCESSING,1,1,0,0,0.2125535011291504
308,2024-05-18 04:49:21.405457,RequestStatus.DENOISING,2,0,0,2,0.4908254146575928
309,2024-05-18 04:49:21.622730,RequestStatus.DENOISING,2,0,0,2,0.28130006790161133
310,2024-05-18 04:49:21.866890,RequestStatus.DENOISING,2,0,0,2,0.28455066680908203
311,2024-05-18 04:49:22.257304,RequestStatus.DENOISING,2,0,0,2,0.29961061477661133
312,2024-05-18 04:49:22.481731,RequestStatus.DENOISING,2,0,0,2,0.28515076637268066
313,2024-05-18 04:49:22.749087,RequestStatus.DENOISING,2,0,0,2,0.2849085330963135
314,2024-05-18 04:49:23.104180,RequestStatus.DENOISING,2,0,0,2,0.28694915771484375
315,2024-05-18 04:49:23.338132,RequestStatus.DENOISING,2,0,0,2,0.29409146308898926
316,2024-05-18 04:49:23.859413,RequestStatus.DENOISING,2,0,0,2,0.3678746223449707
317,2024-05-18 04:49:24.111321,RequestStatus.DENOISING,2,0,0,2,0.29749083518981934
318,2024-05-18 04:49:24.326872,RequestStatus.DENOISING,2,0,0,2,0.2841939926147461
319,2024-05-18 04:49:24.620038,RequestStatus.DENOISING,2,0,0,2,0.28166866302490234
320,2024-05-18 04:49:24.990640,RequestStatus.DENOISING,2,0,0,2,0.3005814552307129
321,2024-05-18 04:49:25.212088,RequestStatus.DENOISING,2,0,0,2,0.2871968746185303
322,2024-05-18 04:49:25.499836,RequestStatus.DENOISING,2,0,0,2,0.2897067070007324
323,2024-05-18 04:49:25.854320,RequestStatus.DENOISING,2,0,0,2,0.2967357635498047
324,2024-05-18 04:49:28.128062,RequestStatus.DENOISING,2,0,0,2,0.4009218215942383
325,2024-05-18 04:49:28.460666,RequestStatus.DENOISING,2,0,0,2,0.2874617576599121
326,2024-05-18 04:49:28.710110,RequestStatus.DENOISING,2,0,0,2,0.2796061038970947
327,2024-05-18 04:49:28.991819,RequestStatus.DENOISING,2,0,0,2,0.2827584743499756
328,2024-05-18 04:49:29.354893,RequestStatus.DENOISING,2,0,0,2,0.2967407703399658
329,2024-05-18 04:49:32.949628,RequestStatus.DENOISING,2,0,0,2,0.6542541980743408
330,2024-05-18 04:49:33.261519,RequestStatus.DENOISING,2,0,0,2,0.335315465927124
331,2024-05-18 04:49:33.542256,RequestStatus.DENOISING,2,0,0,2,0.27850842475891113
332,2024-05-18 04:49:35.671519,RequestStatus.DENOISING,2,0,0,2,0.40193963050842285
333,2024-05-18 04:49:35.960061,RequestStatus.DENOISING,2,0,0,2,0.2850055694580078
334,2024-05-18 04:49:36.414949,RequestStatus.DENOISING,2,0,0,2,0.28165245056152344
335,2024-05-18 04:49:38.350060,RequestStatus.DENOISING,2,0,0,2,0.42505669593811035
336,2024-05-18 04:49:38.728081,RequestStatus.DENOISING,2,0,0,2,0.40087890625
337,2024-05-18 04:49:39.007478,RequestStatus.DENOISING,2,0,0,2,0.28037095069885254
338,2024-05-18 04:49:39.381006,RequestStatus.DENOISING,2,0,0,2,0.28448033332824707
339,2024-05-18 04:49:39.595784,RequestStatus.DENOISING,2,0,0,2,0.2909433841705322
340,2024-05-18 04:49:39.886095,RequestStatus.DENOISING,2,0,0,2,0.28292274475097656
341,2024-05-18 04:49:40.257584,RequestStatus.DENOISING,2,0,0,2,0.28818631172180176
342,2024-05-18 04:49:40.469413,RequestStatus.DENOISING,2,0,0,2,0.2876007556915283
343,2024-05-18 04:49:40.767122,RequestStatus.DENOISING,2,0,0,2,0.2963221073150635
344,2024-05-18 04:49:41.115157,RequestStatus.DENOISING,2,0,0,2,0.29590368270874023
345,2024-05-18 04:49:41.345206,RequestStatus.DENOISING,2,0,0,2,0.2815268039703369
346,2024-05-18 04:49:41.885249,RequestStatus.DENOISING,2,0,0,2,0.43156981468200684
347,2024-05-18 04:49:42.099151,RequestStatus.DENOISING,2,0,0,2,0.28198981285095215
348,2024-05-18 04:49:42.385097,RequestStatus.DENOISING,2,0,0,2,0.28601717948913574
349,2024-05-18 04:49:42.734682,RequestStatus.DENOISING,2,0,0,2,0.2883110046386719
350,2024-05-18 04:49:42.981111,RequestStatus.DENOISING,2,0,0,2,0.3013768196105957
351,2024-05-18 04:49:43.271322,RequestStatus.DENOISING,2,0,0,2,0.287966251373291
352,2024-05-18 04:49:43.595252,RequestStatus.DENOISING,2,0,0,2,0.29322338104248047
353,2024-05-18 04:49:43.859091,RequestStatus.DENOISING,2,0,0,2,0.29030942916870117
354,2024-05-18 04:49:44.238614,RequestStatus.DENOISING,2,0,0,2,0.298382043838501
355,2024-05-18 04:49:44.602943,RequestStatus.DENOISING,2,0,0,2,0.2878224849700928
356,2024-05-18 04:49:44.852673,RequestStatus.DENOISING,2,0,0,2,0.2844245433807373
357,2024-05-18 04:49:45.076515,RequestStatus.DENOISING,2,0,0,2,0.2846395969390869
358,2024-05-18 04:49:45.921410,RequestStatus.POSTPROCESSING,2,0,0,2,0.8393149375915527
359,2024-05-18 04:49:47.150489,RequestStatus.DENOISING,1,1,0,0,1.2302641868591309
360,2024-05-18 04:49:47.475531,RequestStatus.DENOISING,1,1,0,0,0.32163453102111816
361,2024-05-18 04:49:47.634820,RequestStatus.DENOISING,1,1,0,0,0.14557099342346191
362,2024-05-18 04:49:47.887080,RequestStatus.DENOISING,1,1,0,0,0.21176695823669434
363,2024-05-18 04:49:48.168122,RequestStatus.DENOISING,1,1,0,0,0.12060213088989258
364,2024-05-18 04:49:50.095672,RequestStatus.DENOISING,1,1,0,0,0.4006836414337158
365,2024-05-18 04:49:50.188476,RequestStatus.DENOISING,1,1,0,0,0.12468123435974121
366,2024-05-18 04:49:50.516581,RequestStatus.DENOISING,1,1,0,0,0.3143453598022461
367,2024-05-18 04:49:50.715888,RequestStatus.DENOISING,1,1,0,0,0.19555020332336426
368,2024-05-18 04:49:50.914729,RequestStatus.DENOISING,1,1,0,0,0.1279757022857666
369,2024-05-18 04:49:50.991479,RequestStatus.DENOISING,1,1,0,0,0.14270663261413574
370,2024-05-18 04:49:51.154454,RequestStatus.DENOISING,1,1,0,0,0.15436196327209473
371,2024-05-18 04:49:51.351374,RequestStatus.DENOISING,1,1,0,0,0.1273343563079834
372,2024-05-18 04:49:51.421469,RequestStatus.DENOISING,1,1,0,0,0.14037394523620605
373,2024-05-18 04:49:51.582419,RequestStatus.DENOISING,1,1,0,0,0.150620698928833
374,2024-05-18 04:49:51.790551,RequestStatus.DENOISING,1,1,0,0,0.1159365177154541
375,2024-05-18 04:49:51.848876,RequestStatus.DENOISING,1,1,0,0,0.15113520622253418
376,2024-05-18 04:49:52.014504,RequestStatus.DENOISING,1,1,0,0,0.16170144081115723
377,2024-05-18 04:49:52.220859,RequestStatus.DENOISING,1,1,0,0,0.12775731086730957
378,2024-05-18 04:49:52.285637,RequestStatus.DENOISING,1,1,0,0,0.14094877243041992
379,2024-05-18 04:49:52.450107,RequestStatus.DENOISING,1,1,0,0,0.15874862670898438
380,2024-05-18 04:49:52.647232,RequestStatus.DENOISING,1,1,0,0,0.1234736442565918
381,2024-05-18 04:49:52.720744,RequestStatus.DENOISING,1,1,0,0,0.14599370956420898
382,2024-05-18 04:49:52.896061,RequestStatus.DENOISING,1,1,0,0,0.1715412139892578
383,2024-05-18 04:49:53.085896,RequestStatus.DENOISING,1,1,0,0,0.1292870044708252
384,2024-05-18 04:49:53.184347,RequestStatus.DENOISING,1,1,0,0,0.13401365280151367
385,2024-05-18 04:49:53.508044,RequestStatus.DENOISING,1,1,0,0,0.31623363494873047
386,2024-05-18 04:49:53.705455,RequestStatus.DENOISING,1,1,0,0,0.19846725463867188
387,2024-05-18 04:49:53.914483,RequestStatus.DENOISING,1,1,0,0,0.11927366256713867
388,2024-05-18 04:49:53.983585,RequestStatus.DENOISING,1,1,0,0,0.1506812572479248
389,2024-05-18 04:49:54.149768,RequestStatus.DENOISING,1,1,0,0,0.16122865676879883
390,2024-05-18 04:49:54.352843,RequestStatus.DENOISING,1,1,0,0,0.1257190704345703
391,2024-05-18 04:49:54.416365,RequestStatus.DENOISING,1,1,0,0,0.1356651782989502
392,2024-05-18 04:49:54.585896,RequestStatus.DENOISING,1,1,0,0,0.1537027359008789
393,2024-05-18 04:49:54.788755,RequestStatus.DENOISING,1,1,0,0,0.11619448661804199
394,2024-05-18 04:49:54.854376,RequestStatus.DENOISING,1,1,0,0,0.15282630920410156
395,2024-05-18 04:49:55.028073,RequestStatus.DENOISING,1,1,0,0,0.15923380851745605
396,2024-05-18 04:49:57.343069,RequestStatus.DENOISING,1,1,0,0,0.36041879653930664
397,2024-05-18 04:49:57.422090,RequestStatus.DENOISING,1,1,0,0,0.15236949920654297
398,2024-05-18 04:49:57.586148,RequestStatus.DENOISING,1,1,0,0,0.15723204612731934
399,2024-05-18 04:50:00.928055,RequestStatus.DENOISING,1,1,0,0,0.40218496322631836
400,2024-05-18 04:50:01.119591,RequestStatus.DENOISING,1,1,0,0,0.13692164421081543
401,2024-05-18 04:50:01.215019,RequestStatus.DENOISING,1,1,0,0,0.13054442405700684
402,2024-05-18 04:50:04.598102,RequestStatus.DENOISING,1,1,0,0,0.3862478733062744
403,2024-05-18 04:50:04.770932,RequestStatus.DENOISING,1,1,0,0,0.1561272144317627
404,2024-05-18 04:50:07.132435,RequestStatus.DENOISING,1,1,0,0,0.5648970603942871
405,2024-05-18 04:50:07.199728,RequestStatus.DENOISING,1,1,0,0,0.14556312561035156
406,2024-05-18 04:50:07.363663,RequestStatus.DENOISING,1,1,0,0,0.15874862670898438
407,2024-05-18 04:50:07.586831,RequestStatus.DENOISING,1,1,0,0,0.1259167194366455
408,2024-05-18 04:50:07.644586,RequestStatus.DENOISING,1,1,0,0,0.1472475528717041
409,2024-05-18 04:50:07.807383,RequestStatus.POSTPROCESSING,1,1,0,0,0.0846869945526123
410,2024-05-18 04:50:08.459667,RequestStatus.DENOISING,2,1,1,0,0.6838881969451904
411,2024-05-18 04:50:08.673567,RequestStatus.DENOISING,2,1,1,0,0.19045209884643555
412,2024-05-18 04:50:08.895845,RequestStatus.DENOISING,2,1,1,0,0.20810556411743164
413,2024-05-18 04:50:09.117846,RequestStatus.DENOISING,2,1,1,0,0.2141573429107666
414,2024-05-18 04:50:09.324944,RequestStatus.DENOISING,2,1,1,0,0.20374083518981934
415,2024-05-18 04:50:09.549882,RequestStatus.DENOISING,2,1,1,0,0.1936330795288086
416,2024-05-18 04:50:09.790743,RequestStatus.DENOISING,2,1,1,0,0.19700336456298828
417,2024-05-18 04:50:09.874257,RequestStatus.DENOISING,2,1,1,0,0.22035932540893555
418,2024-05-18 04:50:10.100045,RequestStatus.DENOISING,2,1,1,0,0.21360373497009277
419,2024-05-18 04:50:10.307236,RequestStatus.DENOISING,2,1,1,0,0.2089831829071045
420,2024-05-18 04:50:10.525159,RequestStatus.DENOISING,2,1,1,0,0.21018338203430176
421,2024-05-18 04:50:10.733237,RequestStatus.DENOISING,2,1,1,0,0.20284104347229004
422,2024-05-18 04:50:11.116856,RequestStatus.DENOISING,2,1,1,0,0.3811619281768799
423,2024-05-18 04:50:11.462889,RequestStatus.DENOISING,2,1,1,0,0.24567580223083496
424,2024-05-18 04:50:11.678433,RequestStatus.DENOISING,2,1,1,0,0.19592881202697754
425,2024-05-18 04:50:11.777024,RequestStatus.DENOISING,2,1,1,0,0.20427155494689941
426,2024-05-18 04:50:11.993158,RequestStatus.DENOISING,2,1,1,0,0.20957684516906738
427,2024-05-18 04:50:12.201884,RequestStatus.DENOISING,2,1,1,0,0.20865797996520996
428,2024-05-18 04:50:12.415592,RequestStatus.DENOISING,2,1,1,0,0.21158289909362793
429,2024-05-18 04:50:12.635098,RequestStatus.DENOISING,2,1,1,0,0.21768808364868164
430,2024-05-18 04:50:12.856065,RequestStatus.DENOISING,2,1,1,0,0.21837234497070312
431,2024-05-18 04:50:13.074810,RequestStatus.DENOISING,2,1,1,0,0.21594500541687012
432,2024-05-18 04:50:13.287051,RequestStatus.DENOISING,2,1,1,0,0.20549249649047852
433,2024-05-18 04:50:13.501359,RequestStatus.DENOISING,2,1,1,0,0.21535658836364746
434,2024-05-18 04:50:13.712878,RequestStatus.DENOISING,2,1,1,0,0.20480751991271973
435,2024-05-18 04:50:14.090911,RequestStatus.DENOISING,2,1,1,0,0.3767564296722412
436,2024-05-18 04:50:14.347152,RequestStatus.DENOISING,2,1,1,0,0.251781702041626
437,2024-05-18 04:50:14.559101,RequestStatus.DENOISING,2,1,1,0,0.21003007888793945
438,2024-05-18 04:50:14.773927,RequestStatus.DENOISING,2,1,1,0,0.20792794227600098
439,2024-05-18 04:50:17.087417,RequestStatus.DENOISING,2,1,1,0,0.5423667430877686
440,2024-05-18 04:50:17.350871,RequestStatus.DENOISING,2,1,1,0,0.26029300689697266
441,2024-05-18 04:50:17.600705,RequestStatus.DENOISING,2,1,1,0,0.20472931861877441
442,2024-05-18 04:50:19.664968,RequestStatus.DENOISING,2,1,1,0,0.5624520778656006
443,2024-05-18 04:50:20.018946,RequestStatus.DENOISING,2,1,1,0,0.38423681259155273
444,2024-05-18 04:50:20.274408,RequestStatus.DENOISING,2,1,1,0,0.24791932106018066
445,2024-05-18 04:50:22.357564,RequestStatus.DENOISING,2,1,1,0,0.5363295078277588
446,2024-05-18 04:50:22.574566,RequestStatus.DENOISING,2,1,1,0,0.20252227783203125
447,2024-05-18 04:50:22.954509,RequestStatus.DENOISING,2,1,1,0,0.37737035751342773
448,2024-05-18 04:50:25.139928,RequestStatus.DENOISING,2,1,1,0,0.5837604999542236
449,2024-05-18 04:50:25.345549,RequestStatus.DENOISING,2,1,1,0,0.20704007148742676
450,2024-05-18 04:50:25.554323,RequestStatus.DENOISING,2,1,1,0,0.2025594711303711
451,2024-05-18 04:50:25.911095,RequestStatus.DENOISING,2,1,1,0,0.38738560676574707
452,2024-05-18 04:50:26.168075,RequestStatus.DENOISING,2,1,1,0,0.25311803817749023
453,2024-05-18 04:50:26.376800,RequestStatus.DENOISING,2,1,1,0,0.20372509956359863
454,2024-05-18 04:50:26.585192,RequestStatus.DENOISING,2,1,1,0,0.204146146774292
455,2024-05-18 04:50:26.798760,RequestStatus.DENOISING,2,1,1,0,0.2076258659362793
456,2024-05-18 04:50:26.996446,RequestStatus.DENOISING,2,1,1,0,0.2028062343597412
457,2024-05-18 04:50:27.206097,RequestStatus.DENOISING,2,1,1,0,0.20513081550598145
458,2024-05-18 04:50:27.406277,RequestStatus.DENOISING,2,1,1,0,0.19651532173156738
459,2024-05-18 04:50:27.611215,RequestStatus.DENOISING,2,1,1,0,0.19439172744750977
460,2024-05-18 04:50:27.827683,RequestStatus.POSTPROCESSING,1,0,1,0,0.18529129028320312
461,2024-05-18 04:50:28.243285,RequestStatus.DENOISING,2,1,1,0,0.4213123321533203
462,2024-05-18 04:50:28.454021,RequestStatus.DENOISING,2,1,1,0,0.2059917449951172
463,2024-05-18 04:50:28.865121,RequestStatus.DENOISING,2,1,1,0,0.40929579734802246
464,2024-05-18 04:50:29.120064,RequestStatus.DENOISING,2,1,1,0,0.2557339668273926
465,2024-05-18 04:50:29.332092,RequestStatus.DENOISING,2,1,1,0,0.20093274116516113
466,2024-05-18 04:50:31.411023,RequestStatus.DENOISING,2,1,1,0,0.5362498760223389
467,2024-05-18 04:50:31.785105,RequestStatus.DENOISING,2,1,1,0,0.3641023635864258
468,2024-05-18 04:50:32.039821,RequestStatus.DENOISING,2,1,1,0,0.2521214485168457
469,2024-05-18 04:50:32.241755,RequestStatus.DENOISING,2,1,1,0,0.1976604461669922
470,2024-05-18 04:50:32.442786,RequestStatus.DENOISING,2,1,1,0,0.20302438735961914
471,2024-05-18 04:50:32.651834,RequestStatus.DENOISING,2,1,1,0,0.20295333862304688
472,2024-05-18 04:50:32.870347,RequestStatus.DENOISING,2,1,1,0,0.21430325508117676
473,2024-05-18 04:50:33.079289,RequestStatus.DENOISING,2,1,1,0,0.21037578582763672
474,2024-05-18 04:50:33.278125,RequestStatus.DENOISING,2,1,1,0,0.196441650390625
475,2024-05-18 04:50:33.481412,RequestStatus.DENOISING,2,1,1,0,0.20274829864501953
476,2024-05-18 04:50:33.686655,RequestStatus.DENOISING,2,1,1,0,0.2010486125946045
477,2024-05-18 04:50:33.891650,RequestStatus.DENOISING,2,1,1,0,0.2016441822052002
478,2024-05-18 04:50:34.104476,RequestStatus.DENOISING,2,1,1,0,0.20804238319396973
479,2024-05-18 04:50:34.312038,RequestStatus.DENOISING,2,1,1,0,0.19685697555541992
480,2024-05-18 04:50:34.772456,RequestStatus.DENOISING,2,1,1,0,0.4035158157348633
481,2024-05-18 04:50:35.022260,RequestStatus.DENOISING,2,1,1,0,0.25053834915161133
482,2024-05-18 04:50:35.239074,RequestStatus.DENOISING,2,1,1,0,0.20334339141845703
483,2024-05-18 04:50:35.459637,RequestStatus.DENOISING,2,1,1,0,0.20080065727233887
484,2024-05-18 04:50:35.663629,RequestStatus.DENOISING,2,1,1,0,0.19683361053466797
485,2024-05-18 04:50:35.878703,RequestStatus.DENOISING,2,1,1,0,0.19820213317871094
486,2024-05-18 04:50:36.083060,RequestStatus.DENOISING,2,1,1,0,0.2113339900970459
487,2024-05-18 04:50:36.286063,RequestStatus.DENOISING,2,1,1,0,0.19814777374267578
488,2024-05-18 04:50:36.295215,RequestStatus.POSTPROCESSING,1,1,0,0,0.07207345962524414
489,2024-05-18 04:50:36.636928,RequestStatus.DENOISING,2,1,1,0,0.3399648666381836
490,2024-05-18 04:50:36.849309,RequestStatus.DENOISING,2,1,1,0,0.20902252197265625
491,2024-05-18 04:50:37.059649,RequestStatus.DENOISING,2,1,1,0,0.2074422836303711
492,2024-05-18 04:50:37.268444,RequestStatus.DENOISING,2,1,1,0,0.20879578590393066
493,2024-05-18 04:50:37.690987,RequestStatus.DENOISING,2,1,1,0,0.41504907608032227
494,2024-05-18 04:50:37.963715,RequestStatus.DENOISING,2,1,1,0,0.26126718521118164
495,2024-05-18 04:50:40.103235,RequestStatus.DENOISING,2,1,1,0,0.5334005355834961
496,2024-05-18 04:50:40.341591,RequestStatus.DENOISING,2,1,1,0,0.20513606071472168
497,2024-05-18 04:50:42.767321,RequestStatus.DENOISING,2,1,1,0,0.7807400226593018
498,2024-05-18 04:50:42.981859,RequestStatus.DENOISING,2,1,1,0,0.21216869354248047
499,2024-05-18 04:50:43.525693,RequestStatus.DENOISING,2,1,1,0,0.20025086402893066
500,2024-05-18 04:50:45.543429,RequestStatus.DENOISING,2,1,1,0,0.7750353813171387
501,2024-05-18 04:50:45.753527,RequestStatus.DENOISING,2,1,1,0,0.20843076705932617
502,2024-05-18 04:50:45.969102,RequestStatus.DENOISING,2,1,1,0,0.21343374252319336
503,2024-05-18 04:50:46.176622,RequestStatus.DENOISING,2,1,1,0,0.20641350746154785
504,2024-05-18 04:50:46.548053,RequestStatus.DENOISING,2,1,1,0,0.3619256019592285
505,2024-05-18 04:50:46.798962,RequestStatus.DENOISING,2,1,1,0,0.2460801601409912
506,2024-05-18 04:50:47.003648,RequestStatus.DENOISING,2,1,1,0,0.2069845199584961
507,2024-05-18 04:50:47.216088,RequestStatus.DENOISING,2,1,1,0,0.20330405235290527
508,2024-05-18 04:50:47.416247,RequestStatus.DENOISING,2,1,1,0,0.201934814453125
509,2024-05-18 04:50:47.628053,RequestStatus.DENOISING,2,1,1,0,0.19993948936462402
510,2024-05-18 04:50:47.836102,RequestStatus.DENOISING,2,1,1,0,0.19957947731018066
511,2024-05-18 04:50:50.297111,RequestStatus.DENOISING,2,1,1,0,0.5437872409820557
512,2024-05-18 04:50:50.494226,RequestStatus.POSTPROCESSING,1,0,1,0,0.17726397514343262
513,2024-05-18 04:50:50.863823,RequestStatus.POSTPROCESSING,1,1,0,0,0.23795747756958008
514,2024-05-18 04:50:53.185100,RequestStatus.DENOISING,1,0,0,1,0.5531845092773438
515,2024-05-18 04:50:53.367942,RequestStatus.DENOISING,1,0,0,1,0.17305874824523926
516,2024-05-18 04:50:53.540436,RequestStatus.DENOISING,1,0,0,1,0.16686105728149414
517,2024-05-18 04:50:53.704449,RequestStatus.DENOISING,1,0,0,1,0.16379022598266602
518,2024-05-18 04:50:53.902697,RequestStatus.DENOISING,1,0,0,1,0.14568257331848145
519,2024-05-18 04:50:54.100156,RequestStatus.DENOISING,1,0,0,1,0.15694546699523926
520,2024-05-18 04:50:54.191004,RequestStatus.DENOISING,1,0,0,1,0.17137718200683594
521,2024-05-18 04:50:54.372059,RequestStatus.DENOISING,1,0,0,1,0.17567992210388184
522,2024-05-18 04:50:54.545741,RequestStatus.DENOISING,1,0,0,1,0.17087602615356445
523,2024-05-18 04:50:54.728139,RequestStatus.DENOISING,1,0,0,1,0.1524660587310791
524,2024-05-18 04:50:54.932022,RequestStatus.DENOISING,1,0,0,1,0.15860986709594727
525,2024-05-18 04:50:55.031847,RequestStatus.DENOISING,1,0,0,1,0.17167973518371582
526,2024-05-18 04:50:55.417090,RequestStatus.DENOISING,1,0,0,1,0.3786346912384033
527,2024-05-18 04:50:55.636070,RequestStatus.DENOISING,1,0,0,1,0.2094411849975586
528,2024-05-18 04:50:55.846215,RequestStatus.DENOISING,1,0,0,1,0.14809632301330566
529,2024-05-18 04:50:56.040466,RequestStatus.DENOISING,1,0,0,1,0.16996383666992188
530,2024-05-18 04:50:56.130396,RequestStatus.DENOISING,1,0,0,1,0.1691572666168213
531,2024-05-18 04:50:56.316041,RequestStatus.DENOISING,1,0,0,1,0.1756916046142578
532,2024-05-18 04:50:56.479108,RequestStatus.DENOISING,1,0,0,1,0.16736078262329102
533,2024-05-18 04:50:56.665268,RequestStatus.DENOISING,1,0,0,1,0.14576220512390137
534,2024-05-18 04:50:56.867780,RequestStatus.DENOISING,1,0,0,1,0.16345429420471191
535,2024-05-18 04:50:56.966387,RequestStatus.DENOISING,1,0,0,1,0.1693713665008545
536,2024-05-18 04:50:57.143960,RequestStatus.DENOISING,1,0,0,1,0.17427778244018555
537,2024-05-18 04:50:57.326784,RequestStatus.DENOISING,1,0,0,1,0.17538142204284668
538,2024-05-18 04:50:57.504051,RequestStatus.DENOISING,1,0,0,1,0.16844558715820312
539,2024-05-18 04:50:57.664055,RequestStatus.DENOISING,1,0,0,1,0.15902113914489746
540,2024-05-18 04:50:57.861164,RequestStatus.DENOISING,1,0,0,1,0.14907574653625488
541,2024-05-18 04:50:58.055928,RequestStatus.DENOISING,1,0,0,1,0.16178560256958008
542,2024-05-18 04:50:58.362126,RequestStatus.DENOISING,1,0,0,1,0.34709882736206055
543,2024-05-18 04:50:58.640508,RequestStatus.DENOISING,1,0,0,1,0.1612553596496582
544,2024-05-18 04:51:00.602102,RequestStatus.DENOISING,1,0,0,1,0.43186306953430176
545,2024-05-18 04:51:00.792085,RequestStatus.DENOISING,1,0,0,1,0.17008280754089355
546,2024-05-18 04:51:00.964289,RequestStatus.DENOISING,1,0,0,1,0.17331790924072266
547,2024-05-18 04:51:01.312046,RequestStatus.DENOISING,1,0,0,1,0.3408467769622803
548,2024-05-18 04:51:01.504053,RequestStatus.DENOISING,1,0,0,1,0.192535400390625
549,2024-05-18 04:51:01.681168,RequestStatus.DENOISING,1,0,0,1,0.17603564262390137
550,2024-05-18 04:51:01.863765,RequestStatus.DENOISING,1,0,0,1,0.14598608016967773
551,2024-05-18 04:51:02.066278,RequestStatus.DENOISING,1,0,0,1,0.16311216354370117
552,2024-05-18 04:51:02.164720,RequestStatus.DENOISING,1,0,0,1,0.1650094985961914
553,2024-05-18 04:51:02.341168,RequestStatus.DENOISING,1,0,0,1,0.1731553077697754
554,2024-05-18 04:51:02.514444,RequestStatus.DENOISING,1,0,0,1,0.16958045959472656
555,2024-05-18 04:51:02.688054,RequestStatus.DENOISING,1,0,0,1,0.1689472198486328
556,2024-05-18 04:51:02.868012,RequestStatus.DENOISING,1,0,0,1,0.1545403003692627
557,2024-05-18 04:51:03.060909,RequestStatus.DENOISING,1,0,0,1,0.15681815147399902
558,2024-05-18 04:51:03.261698,RequestStatus.DENOISING,1,0,0,1,0.16611719131469727
559,2024-05-18 04:51:03.345484,RequestStatus.DENOISING,1,0,0,1,0.17062735557556152
560,2024-05-18 04:51:03.522966,RequestStatus.DENOISING,1,0,0,1,0.17204952239990234
561,2024-05-18 04:51:03.692048,RequestStatus.DENOISING,1,0,0,1,0.16531038284301758
562,2024-05-18 04:51:03.877768,RequestStatus.DENOISING,1,0,0,1,0.15233659744262695
563,2024-05-18 04:51:04.240980,RequestStatus.DENOISING,1,0,0,1,0.15442562103271484
564,2024-05-18 04:51:04.514290,RequestStatus.POSTPROCESSING,1,0,0,1,0.4108603000640869
565,2024-05-18 04:51:05.429130,RequestStatus.DENOISING,4,3,0,1,0.9101877212524414
566,2024-05-18 04:51:05.778887,RequestStatus.DENOISING,4,3,0,1,0.2752060890197754
567,2024-05-18 04:51:05.997945,RequestStatus.DENOISING,4,3,0,1,0.2841300964355469
568,2024-05-18 04:51:06.272401,RequestStatus.DENOISING,4,3,0,1,0.2707996368408203
569,2024-05-18 04:51:06.619414,RequestStatus.DENOISING,4,3,0,1,0.27545881271362305
570,2024-05-18 04:51:06.844091,RequestStatus.DENOISING,4,3,0,1,0.28310155868530273
571,2024-05-18 04:51:07.488797,RequestStatus.DENOISING,4,3,0,1,0.44149160385131836
572,2024-05-18 04:51:09.620535,RequestStatus.DENOISING,4,3,0,1,0.6892461776733398
573,2024-05-18 04:51:11.876092,RequestStatus.DENOISING,4,3,0,1,0.877361536026001
574,2024-05-18 04:51:12.300311,RequestStatus.DENOISING,4,3,0,1,0.27832508087158203
575,2024-05-18 04:51:15.514099,RequestStatus.DENOISING,4,3,0,1,0.6284217834472656
576,2024-05-18 04:51:15.989059,RequestStatus.DENOISING,4,3,0,1,0.4149775505065918
577,2024-05-18 04:51:16.443929,RequestStatus.DENOISING,4,3,0,1,0.31343650817871094
578,2024-05-18 04:51:18.381102,RequestStatus.DENOISING,4,3,0,1,0.6292192935943604
579,2024-05-18 04:51:18.848478,RequestStatus.DENOISING,4,3,0,1,0.2805922031402588
580,2024-05-18 04:51:19.146306,RequestStatus.DENOISING,4,3,0,1,0.46569132804870605
581,2024-05-18 04:51:21.265448,RequestStatus.DENOISING,4,3,0,1,0.6558132171630859
582,2024-05-18 04:51:21.584788,RequestStatus.DENOISING,4,3,0,1,0.289060115814209
583,2024-05-18 04:51:22.021352,RequestStatus.DENOISING,4,3,0,1,0.45117712020874023
584,2024-05-18 04:51:22.396851,RequestStatus.DENOISING,4,3,0,1,0.32593846321105957
585,2024-05-18 04:51:22.646107,RequestStatus.DENOISING,4,3,0,1,0.2946772575378418
586,2024-05-18 04:51:23.034818,RequestStatus.DENOISING,4,3,0,1,0.2729299068450928
587,2024-05-18 04:51:23.233010,RequestStatus.DENOISING,4,3,0,1,0.2992846965789795
588,2024-05-18 04:51:23.498755,RequestStatus.DENOISING,4,3,0,1,0.26546144485473633
589,2024-05-18 04:51:23.850444,RequestStatus.DENOISING,4,3,0,1,0.2766885757446289
590,2024-05-18 04:51:24.063028,RequestStatus.DENOISING,4,3,0,1,0.2840704917907715
591,2024-05-18 04:51:24.339837,RequestStatus.DENOISING,4,3,0,1,0.2713320255279541
592,2024-05-18 04:51:26.632886,RequestStatus.DENOISING,4,3,0,1,0.8488433361053467
593,2024-05-18 04:51:26.952001,RequestStatus.DENOISING,4,3,0,1,0.2917342185974121
594,2024-05-18 04:51:27.216092,RequestStatus.DENOISING,4,3,0,1,0.27118444442749023
595,2024-05-18 04:51:30.793315,RequestStatus.DENOISING,4,3,0,1,0.8438498973846436
596,2024-05-18 04:51:31.069103,RequestStatus.DENOISING,4,3,0,1,0.32506871223449707
597,2024-05-18 04:51:31.342130,RequestStatus.DENOISING,4,3,0,1,0.2650754451751709
598,2024-05-18 04:51:34.732549,RequestStatus.DENOISING,4,3,0,1,0.615145206451416
599,2024-05-18 04:51:34.996078,RequestStatus.DENOISING,4,3,0,1,0.273068904876709
600,2024-05-18 04:51:37.390997,RequestStatus.DENOISING,4,3,0,1,0.6245646476745605
601,2024-05-18 04:51:37.609209,RequestStatus.DENOISING,4,3,0,1,0.2899632453918457
602,2024-05-18 04:51:37.880034,RequestStatus.DENOISING,4,3,0,1,0.26726508140563965
603,2024-05-18 04:51:38.200807,RequestStatus.DENOISING,4,3,0,1,0.2776675224304199
604,2024-05-18 04:51:38.440176,RequestStatus.DENOISING,4,3,0,1,0.27526164054870605
605,2024-05-18 04:51:38.809858,RequestStatus.DENOISING,4,3,0,1,0.2701101303100586
606,2024-05-18 04:51:39.022231,RequestStatus.DENOISING,4,3,0,1,0.28565120697021484
607,2024-05-18 04:51:39.288629,RequestStatus.DENOISING,4,3,0,1,0.2721998691558838
608,2024-05-18 04:51:39.866892,RequestStatus.DENOISING,4,3,0,1,0.46202874183654785
609,2024-05-18 04:51:40.078209,RequestStatus.DENOISING,4,3,0,1,0.2948758602142334
610,2024-05-18 04:51:40.348052,RequestStatus.DENOISING,4,3,0,1,0.26383280754089355
611,2024-05-18 04:51:40.669025,RequestStatus.DENOISING,4,3,0,1,0.2917947769165039
612,2024-05-18 04:51:40.913086,RequestStatus.DENOISING,4,3,0,1,0.2697422504425049
613,2024-05-18 04:51:41.271419,RequestStatus.DENOISING,4,3,0,1,0.2788889408111572
614,2024-05-18 04:51:41.477060,RequestStatus.DENOISING,4,3,0,1,0.27649545669555664
615,2024-05-18 04:51:41.745200,RequestStatus.POSTPROCESSING,3,3,0,0,0.25424647331237793
616,2024-05-18 04:51:42.276166,RequestStatus.POSTPROCESSING,1,0,0,1,0.46398305892944336
617,2024-05-18 04:51:43.110087,RequestStatus.DENOISING,1,1,0,0,0.8915543556213379
618,2024-05-18 04:51:43.310731,RequestStatus.DENOISING,1,1,0,0,0.11435151100158691
619,2024-05-18 04:51:43.372343,RequestStatus.DENOISING,1,1,0,0,0.14266347885131836
620,2024-05-18 04:51:43.532060,RequestStatus.DENOISING,1,1,0,0,0.15270209312438965
621,2024-05-18 04:51:43.727656,RequestStatus.DENOISING,1,1,0,0,0.11614632606506348
622,2024-05-18 04:51:43.792035,RequestStatus.DENOISING,1,1,0,0,0.14118099212646484
623,2024-05-18 04:51:43.955095,RequestStatus.DENOISING,1,1,0,0,0.15174007415771484
624,2024-05-18 04:51:44.114028,RequestStatus.DENOISING,1,1,0,0,0.13179993629455566
625,2024-05-18 04:51:44.209631,RequestStatus.DENOISING,1,1,0,0,0.12251925468444824
626,2024-05-18 04:51:44.369101,RequestStatus.DENOISING,1,1,0,0,0.15462803840637207
627,2024-05-18 04:51:44.518389,RequestStatus.DENOISING,1,1,0,0,0.1380150318145752
628,2024-05-18 04:51:44.727547,RequestStatus.DENOISING,1,1,0,0,0.11853718757629395
629,2024-05-18 04:51:44.785057,RequestStatus.DENOISING,1,1,0,0,0.1505579948425293
630,2024-05-18 04:51:44.940097,RequestStatus.DENOISING,1,1,0,0,0.1508927345275879
631,2024-05-18 04:51:45.146846,RequestStatus.DENOISING,1,1,0,0,0.12509918212890625
632,2024-05-18 04:51:45.211056,RequestStatus.DENOISING,1,1,0,0,0.14287137985229492
633,2024-05-18 04:51:45.366117,RequestStatus.DENOISING,1,1,0,0,0.14981532096862793
634,2024-05-18 04:51:45.682592,RequestStatus.DENOISING,1,1,0,0,0.31247735023498535
635,2024-05-18 04:51:45.927098,RequestStatus.DENOISING,1,1,0,0,0.1249685287475586
636,2024-05-18 04:51:46.008405,RequestStatus.DENOISING,1,1,0,0,0.1900930404663086
637,2024-05-18 04:51:46.158740,RequestStatus.DENOISING,1,1,0,0,0.14170384407043457
638,2024-05-18 04:51:46.339204,RequestStatus.DENOISING,1,1,0,0,0.14108514785766602
639,2024-05-18 04:51:46.423977,RequestStatus.DENOISING,1,1,0,0,0.12217593193054199
640,2024-05-18 04:51:46.581988,RequestStatus.DENOISING,1,1,0,0,0.15236711502075195
641,2024-05-18 04:51:46.764425,RequestStatus.DENOISING,1,1,0,0,0.1334996223449707
642,2024-05-18 04:51:46.848843,RequestStatus.DENOISING,1,1,0,0,0.1319582462310791
643,2024-05-18 04:51:47.016040,RequestStatus.DENOISING,1,1,0,0,0.15923142433166504
644,2024-05-18 04:51:47.177045,RequestStatus.DENOISING,1,1,0,0,0.132293701171875
645,2024-05-18 04:51:47.273901,RequestStatus.DENOISING,1,1,0,0,0.12499642372131348
646,2024-05-18 04:51:47.426192,RequestStatus.DENOISING,1,1,0,0,0.14713406562805176
647,2024-05-18 04:51:47.582051,RequestStatus.DENOISING,1,1,0,0,0.15343379974365234
648,2024-05-18 04:51:47.798705,RequestStatus.DENOISING,1,1,0,0,0.130828857421875
649,2024-05-18 04:51:47.857944,RequestStatus.DENOISING,1,1,0,0,0.1421806812286377
650,2024-05-18 04:51:48.023104,RequestStatus.DENOISING,1,1,0,0,0.1609647274017334
651,2024-05-18 04:51:48.209186,RequestStatus.DENOISING,1,1,0,0,0.12744426727294922
652,2024-05-18 04:51:48.285981,RequestStatus.DENOISING,1,1,0,0,0.13258934020996094
653,2024-05-18 04:51:48.602092,RequestStatus.DENOISING,1,1,0,0,0.31225037574768066
654,2024-05-18 04:51:48.757434,RequestStatus.DENOISING,1,1,0,0,0.14758515357971191
655,2024-05-18 04:51:48.970792,RequestStatus.DENOISING,1,1,0,0,0.18306732177734375
656,2024-05-18 04:51:49.190709,RequestStatus.DENOISING,1,1,0,0,0.11504864692687988
657,2024-05-18 04:51:49.237263,RequestStatus.DENOISING,1,1,0,0,0.15845084190368652
658,2024-05-18 04:51:49.397161,RequestStatus.DENOISING,1,1,0,0,0.15410542488098145
659,2024-05-18 04:51:49.585106,RequestStatus.DENOISING,1,1,0,0,0.11432743072509766
660,2024-05-18 04:51:49.654228,RequestStatus.DENOISING,1,1,0,0,0.13556933403015137
661,2024-05-18 04:51:49.806950,RequestStatus.DENOISING,1,1,0,0,0.14666008949279785
662,2024-05-18 04:51:49.998736,RequestStatus.DENOISING,1,1,0,0,0.13424038887023926
663,2024-05-18 04:51:50.079508,RequestStatus.DENOISING,1,1,0,0,0.1343367099761963
664,2024-05-18 04:51:50.240100,RequestStatus.DENOISING,1,1,0,0,0.15331172943115234
665,2024-05-18 04:51:50.399431,RequestStatus.DENOISING,1,1,0,0,0.1323080062866211
666,2024-05-18 04:51:50.496586,RequestStatus.DENOISING,1,1,0,0,0.12443971633911133
667,2024-05-18 04:51:50.628371,RequestStatus.POSTPROCESSING,1,1,0,0,0.08631396293640137
668,2024-05-18 04:51:50.915374,RequestStatus.DENOISING,2,1,1,0,0.318436861038208
669,2024-05-18 04:51:51.120074,RequestStatus.DENOISING,2,1,1,0,0.20478415489196777
670,2024-05-18 04:51:51.339381,RequestStatus.DENOISING,2,1,1,0,0.2138686180114746
671,2024-05-18 04:51:51.696199,RequestStatus.DENOISING,2,1,1,0,0.26690030097961426
672,2024-05-18 04:51:51.943085,RequestStatus.DENOISING,2,1,1,0,0.23931336402893066
673,2024-05-18 04:51:52.147983,RequestStatus.DENOISING,2,1,1,0,0.20159506797790527
674,2024-05-18 04:51:52.347730,RequestStatus.DENOISING,2,1,1,0,0.199737548828125
675,2024-05-18 04:51:52.545757,RequestStatus.DENOISING,2,1,1,0,0.1907176971435547
676,2024-05-18 04:51:52.851762,RequestStatus.DENOISING,2,1,1,0,0.19754433631896973
677,2024-05-18 04:51:53.052802,RequestStatus.DENOISING,2,1,1,0,0.21375036239624023
678,2024-05-18 04:51:53.258726,RequestStatus.DENOISING,2,1,1,0,0.20248174667358398
679,2024-05-18 04:51:53.460238,RequestStatus.DENOISING,2,1,1,0,0.1967449188232422
680,2024-05-18 04:51:53.670701,RequestStatus.DENOISING,2,1,1,0,0.2005300521850586
681,2024-05-18 04:51:53.898624,RequestStatus.DENOISING,2,1,1,0,0.20398306846618652
682,2024-05-18 04:51:53.994519,RequestStatus.DENOISING,2,1,1,0,0.20850324630737305
683,2024-05-18 04:51:54.202591,RequestStatus.DENOISING,2,1,1,0,0.20154881477355957
684,2024-05-18 04:51:54.559450,RequestStatus.DENOISING,2,1,1,0,0.35794496536254883
685,2024-05-18 04:51:54.869339,RequestStatus.DENOISING,2,1,1,0,0.24425387382507324
686,2024-05-18 04:51:55.070707,RequestStatus.DENOISING,2,1,1,0,0.20575618743896484
687,2024-05-18 04:51:55.291812,RequestStatus.DENOISING,2,1,1,0,0.17954397201538086
688,2024-05-18 04:51:55.517761,RequestStatus.DENOISING,2,1,1,0,0.2093501091003418
689,2024-05-18 04:51:55.745874,RequestStatus.DENOISING,2,1,1,0,0.1876380443572998
690,2024-05-18 04:51:55.828286,RequestStatus.DENOISING,2,1,1,0,0.199951171875
691,2024-05-18 04:51:56.037096,RequestStatus.DENOISING,2,1,1,0,0.20395922660827637
692,2024-05-18 04:51:56.248656,RequestStatus.DENOISING,2,1,1,0,0.20772624015808105
693,2024-05-18 04:51:56.454390,RequestStatus.DENOISING,2,1,1,0,0.20693683624267578
694,2024-05-18 04:51:56.665424,RequestStatus.DENOISING,2,1,1,0,0.2063584327697754
695,2024-05-18 04:51:56.865459,RequestStatus.DENOISING,2,1,1,0,0.1985485553741455
696,2024-05-18 04:51:57.077100,RequestStatus.DENOISING,2,1,1,0,0.20674943923950195
697,2024-05-18 04:51:57.546563,RequestStatus.DENOISING,2,1,1,0,0.38161659240722656
698,2024-05-18 04:51:57.779022,RequestStatus.DENOISING,2,1,1,0,0.2775700092315674
699,2024-05-18 04:51:58.009801,RequestStatus.DENOISING,2,1,1,0,0.1986401081085205
700,2024-05-18 04:51:58.209525,RequestStatus.DENOISING,2,1,1,0,0.2074434757232666
701,2024-05-18 04:51:58.402496,RequestStatus.DENOISING,2,1,1,0,0.19156122207641602
702,2024-05-18 04:51:58.624008,RequestStatus.DENOISING,2,1,1,0,0.1886744499206543
703,2024-05-18 04:51:58.841032,RequestStatus.DENOISING,2,1,1,0,0.20701837539672852
704,2024-05-18 04:51:59.042625,RequestStatus.DENOISING,2,1,1,0,0.2032320499420166
705,2024-05-18 04:51:59.241028,RequestStatus.DENOISING,2,1,1,0,0.19927525520324707
706,2024-05-18 04:51:59.447075,RequestStatus.DENOISING,2,1,1,0,0.19617366790771484
707,2024-05-18 04:51:59.669280,RequestStatus.DENOISING,2,1,1,0,0.19605565071105957
708,2024-05-18 04:51:59.763594,RequestStatus.DENOISING,2,1,1,0,0.19818615913391113
709,2024-05-18 04:51:59.976243,RequestStatus.DENOISING,2,1,1,0,0.20411920547485352
710,2024-05-18 04:52:00.449578,RequestStatus.DENOISING,2,1,1,0,0.3665807247161865
711,2024-05-18 04:52:00.729810,RequestStatus.DENOISING,2,1,1,0,0.2218034267425537
712,2024-05-18 04:52:00.945899,RequestStatus.DENOISING,2,1,1,0,0.27208614349365234
713,2024-05-18 04:52:01.157742,RequestStatus.DENOISING,2,1,1,0,0.20417118072509766
714,2024-05-18 04:52:01.247983,RequestStatus.DENOISING,2,1,1,0,0.19564604759216309
715,2024-05-18 04:52:01.457575,RequestStatus.DENOISING,2,1,1,0,0.20462727546691895
716,2024-05-18 04:52:01.657050,RequestStatus.DENOISING,2,1,1,0,0.19737553596496582
717,2024-05-18 04:52:01.861136,RequestStatus.DENOISING,2,1,1,0,0.20184540748596191
718,2024-05-18 04:52:02.048228,RequestStatus.POSTPROCESSING,1,0,1,0,0.17816472053527832
719,2024-05-18 04:52:02.499178,RequestStatus.DENOISING,1,1,0,0,0.4518766403198242
720,2024-05-18 04:52:02.658087,RequestStatus.DENOISING,1,1,0,0,0.15503239631652832
721,2024-05-18 04:52:02.869184,RequestStatus.DENOISING,1,1,0,0,0.12372994422912598
722,2024-05-18 04:52:02.934114,RequestStatus.DENOISING,1,1,0,0,0.14752721786499023
723,2024-05-18 04:52:03.097033,RequestStatus.DENOISING,1,1,0,0,0.1590888500213623
724,2024-05-18 04:52:03.418932,RequestStatus.DENOISING,1,1,0,0,0.31792688369750977
725,2024-05-18 04:52:03.643836,RequestStatus.DENOISING,1,1,0,0,0.17727303504943848
726,2024-05-18 04:52:03.733069,RequestStatus.DENOISING,1,1,0,0,0.13007903099060059
727,2024-05-18 04:52:03.890817,RequestStatus.DENOISING,1,1,0,0,0.15110349655151367
728,2024-05-18 04:52:04.065789,RequestStatus.DENOISING,1,1,0,0,0.15050888061523438
729,2024-05-18 04:52:04.163034,RequestStatus.DENOISING,1,1,0,0,0.1130216121673584
730,2024-05-18 04:52:04.317277,RequestStatus.DENOISING,1,1,0,0,0.14876317977905273
731,2024-05-18 04:52:04.483103,RequestStatus.DENOISING,1,1,0,0,0.13211536407470703
732,2024-05-18 04:52:04.577165,RequestStatus.DENOISING,1,1,0,0,0.1195526123046875
733,2024-05-18 04:52:04.732287,RequestStatus.DENOISING,1,1,0,0,0.15094971656799316
734,2024-05-18 04:52:04.882395,RequestStatus.DENOISING,1,1,0,0,0.147078275680542
735,2024-05-18 04:52:05.085641,RequestStatus.DENOISING,1,1,0,0,0.1250157356262207
736,2024-05-18 04:52:05.152663,RequestStatus.DENOISING,1,1,0,0,0.1429581642150879
737,2024-05-18 04:52:05.302296,RequestStatus.DENOISING,1,1,0,0,0.14616107940673828
738,2024-05-18 04:52:05.493859,RequestStatus.DENOISING,1,1,0,0,0.1312551498413086
739,2024-05-18 04:52:05.531168,RequestStatus.POSTPROCESSING,1,1,0,0,0.08242392539978027
740,2024-05-18 04:52:05.810504,RequestStatus.DENOISING,1,1,0,0,0.2781243324279785
741,2024-05-18 04:52:05.967424,RequestStatus.DENOISING,1,1,0,0,0.14752697944641113
742,2024-05-18 04:52:06.321681,RequestStatus.DENOISING,1,1,0,0,0.12288784980773926
743,2024-05-18 04:52:06.407942,RequestStatus.DENOISING,1,1,0,0,0.32059454917907715
744,2024-05-18 04:52:06.599097,RequestStatus.DENOISING,1,1,0,0,0.18671679496765137
745,2024-05-18 04:52:06.764149,RequestStatus.DENOISING,1,1,0,0,0.14416790008544922
746,2024-05-18 04:52:06.864077,RequestStatus.DENOISING,1,1,0,0,0.11455225944519043
747,2024-05-18 04:52:07.036795,RequestStatus.DENOISING,1,1,0,0,0.16421079635620117
748,2024-05-18 04:52:07.189175,RequestStatus.DENOISING,1,1,0,0,0.15310430526733398
749,2024-05-18 04:52:07.406736,RequestStatus.DENOISING,1,1,0,0,0.10785293579101562
750,2024-05-18 04:52:07.461078,RequestStatus.DENOISING,1,1,0,0,0.15505766868591309
751,2024-05-18 04:52:07.620918,RequestStatus.DENOISING,1,1,0,0,0.15567898750305176
752,2024-05-18 04:52:07.826244,RequestStatus.DENOISING,1,1,0,0,0.12186717987060547
753,2024-05-18 04:52:07.901442,RequestStatus.DENOISING,1,1,0,0,0.15033602714538574
754,2024-05-18 04:52:08.064062,RequestStatus.DENOISING,1,1,0,0,0.15641236305236816
755,2024-05-18 04:52:08.236216,RequestStatus.DENOISING,1,1,0,0,0.13167524337768555
756,2024-05-18 04:52:08.326674,RequestStatus.DENOISING,1,1,0,0,0.12054800987243652
757,2024-05-18 04:52:08.483097,RequestStatus.DENOISING,1,1,0,0,0.14937233924865723
758,2024-05-18 04:52:08.651291,RequestStatus.DENOISING,1,1,0,0,0.14282488822937012
759,2024-05-18 04:52:08.749315,RequestStatus.DENOISING,1,1,0,0,0.11394095420837402
760,2024-05-18 04:52:08.912047,RequestStatus.DENOISING,1,1,0,0,0.1545264720916748
761,2024-05-18 04:52:09.241174,RequestStatus.DENOISING,1,1,0,0,0.32706260681152344
762,2024-05-18 04:52:09.419130,RequestStatus.DENOISING,1,1,0,0,0.12442374229431152
763,2024-05-18 04:52:09.607234,RequestStatus.DENOISING,1,1,0,0,0.1829979419708252
764,2024-05-18 04:52:09.692008,RequestStatus.DENOISING,1,1,0,0,0.12881994247436523
765,2024-05-18 04:52:09.855686,RequestStatus.DENOISING,1,1,0,0,0.15986037254333496
766,2024-05-18 04:52:10.041368,RequestStatus.DENOISING,1,1,0,0,0.13504838943481445
767,2024-05-18 04:52:10.130751,RequestStatus.DENOISING,1,1,0,0,0.12758874893188477
768,2024-05-18 04:52:10.286100,RequestStatus.DENOISING,1,1,0,0,0.1502819061279297
769,2024-05-18 04:52:10.444968,RequestStatus.DENOISING,1,1,0,0,0.14377379417419434
770,2024-05-18 04:52:10.512455,RequestStatus.POSTPROCESSING,1,1,0,0,0.07314682006835938
